Time;Consumption;Grid consumption;Grid backflow;PV generation;Battery charging;Battery discharging
2022-03-05T08:30:00+01:00;64271.77971;59611.63988;0;1155.158681;0;3461.813704
2022-03-05T09:00:00+01:00;73479.56048;68433.72357;0;1594.969056;0;4079.943209
2022-03-05T09:30:00+01:00;83463.47852;72519.25405;0;2015.292333;0;9322.759101
2022-03-05T10:00:00+01:00;77097.8356;71244.78357;0;2144.178222;0;4177.316192
2022-03-05T10:30:00+01:00;80078.20657;71724.2078;0;4037.172414;0;4617.098633
2022-03-05T11:00:00+01:00;92600.10419;75804.2069;0;3407.794111;0;14230.68721
2022-03-05T11:30:00+01:00;95232.72714;75533.75937;0;5262.245556;0;14743.64762
2022-03-05T12:00:00+01:00;97099.98595;75119.71214;0;6682.086111;0;14795.17617
2022-03-05T12:30:00+01:00;88174.47516;73502.0527;0;5098.627222;0;10309.26083
2022-03-05T13:00:00+01:00;93560.94187;74879.06496;0;4899.909444;0;14217.42012
2022-03-05T13:30:00+01:00;86950.58669;75046.26297;0;3877.361897;0;7832.23108
2022-03-05T14:00:00+01:00;91652.26005;75149.00429;0;3754.259333;0;13136.69355
2022-03-05T14:30:00+01:00;87972.06179;72532.71099;0;7842.8;0;7726.369003
2022-03-05T15:00:00+01:00;81772.70663;71193.63083;0;6781.913333;0;3718.056978
2022-03-05T15:30:00+01:00;71533.81444;63675.95873;0;6327.636667;0;1464.90128
2022-03-05T16:00:00+01:00;75744.82893;69424.60673;0;4949.333448;0;1575.572742
2022-03-05T16:30:00+01:00;66856.87589;63461.32361;0;3364.768944;0;39.54727984
2022-03-05T17:00:00+01:00;67214.84232;64148.65389;0;2672.665417;0;378.6387451
2022-03-05T17:30:00+01:00;59318.62565;56964.4106;0;2354.215056;0;0
2022-03-05T18:00:00+01:00;37313.50386;36604.29337;0;709.2104889;0;0
2022-03-05T18:30:00+01:00;26505.16322;26490.51325;0;14.64997001;0;0
2022-03-05T19:00:00+01:00;24747.12222;24747.12222;0;0;0;0
2022-03-05T19:30:00+01:00;24570.69589;24570.69589;0;0;0;0
2022-03-05T20:00:00+01:00;24501.99143;24501.99143;0;0;0;0
2022-03-05T20:30:00+01:00;25217.67103;25200.96579;0;0;0;0
2022-03-05T21:00:00+01:00;28169.01274;28169.01274;0;0;0;0
2022-03-05T21:30:00+01:00;27895.81353;27895.81353;0;0;0;0
2022-03-05T22:00:00+01:00;27887.1004;27887.1004;0;0;0;0
2022-03-05T22:30:00+01:00;27969.42701;27969.42701;0;0;0;0
2022-03-05T23:00:00+01:00;27798.69639;27798.69639;0;0;0;0
2022-03-05T23:30:00+01:00;28078.41766;28078.41766;0;0;0;0
2022-03-06T00:00:00+01:00;28141.38;28141.09333;0;0;0;0
2022-03-06T00:30:00+01:00;27924.06599;27924.06599;0;0;0;0
2022-03-06T01:00:00+01:00;60022.96905;60022.96905;0;0;30994.47823;0
2022-03-06T01:30:00+01:00;60937.47401;60937.47401;0;0;32194.0452;0
2022-03-06T02:00:00+01:00;60338.25909;60338.25909;0;0;33548.59152;0
2022-03-06T02:30:00+01:00;59324.31377;59324.31377;0;0;32988.62835;0
2022-03-06T03:00:00+01:00;40168.61313;40168.61313;0;0;14585.03346;0
2022-03-06T03:30:00+01:00;26330.66921;26330.66921;0;0;642.4161955;3.5831175
2022-03-06T04:00:00+01:00;25379.43496;25379.43496;0;0;0;0
2022-03-06T04:30:00+01:00;25329.35308;25329.35308;0;0;0;0
2022-03-06T05:00:00+01:00;26905.03278;26905.03278;0;0;0;0
2022-03-06T05:30:00+01:00;28827.16278;28827.16278;0;0;0;0
2022-03-06T06:00:00+01:00;28706.34829;28706.34829;0;0;0;0
2022-03-06T06:30:00+01:00;29149.09802;29148.92302;0;0;0;0
2022-03-06T07:00:00+01:00;30962.37532;30962.37532;0;0;0;0
2022-03-06T07:30:00+01:00;30190.91014;30190.91014;0;0;0;0
2022-03-06T08:00:00+01:00;31166.299;31132.42548;0;26.60939322;0;0
2022-03-06T08:30:00+01:00;36345.25599;35975.92512;0;362.3824167;0;0
2022-03-06T09:00:00+01:00;78186.64818;69431.07722;0;2676.1095;0;6316.36486
2022-03-06T09:30:00+01:00;62230.69529;58575.7921;0;3640.408111;0;28.18160524
2022-03-06T10:00:00+01:00;65027.59209;62338.18095;0;1942.293736;0;621.6895451
2022-03-06T10:30:00+01:00;86825.82996;74137.24155;0;6931.709444;0;6354.497399
2022-03-06T11:00:00+01:00;94834.77766;74580.01266;0;10686.80111;0;10138.27128
2022-03-06T11:30:00+01:00;90588.99389;75206.32345;0;3243.015278;0;11857.83949
2022-03-06T12:00:00+01:00;87930.90437;73003.27702;0;9154.368611;0;6085.304522
2022-03-06T12:30:00+01:00;87220.84133;70870.89405;0;10585.64839;0;5953.628762
2022-03-06T13:00:00+01:00;87374.20722;72319.0936;0;11028.14565;0;3951.952389
2022-03-06T13:30:00+01:00;86683.08996;74383.76881;0;6102.404722;0;6554.311919
2022-03-06T14:00:00+01:00;87226.09397;74217.87028;0;4695.791944;0;9231.4995
2022-03-06T14:30:00+01:00;88854.93333;74190.33921;0;5691.971111;0;9355.690386
2022-03-06T15:00:00+01:00;82764.66615;70007.8175;0;7945.343889;0;5044.23605
2022-03-06T15:30:00+01:00;79639.21298;67360.78504;0;10732.17556;0;1515.731762
2022-03-06T16:00:00+01:00;74870.11346;66574.77393;0;6222.848563;0;2070.730772
2022-03-06T16:30:00+01:00;67181.19575;60816.3627;0;6319.193611;0;44.73747127
2022-03-06T17:00:00+01:00;64861.44858;61097.0769;0;3278.334889;0;634.5679282
2022-03-06T17:30:00+01:00;53601.64018;51642.5069;0;1946.891667;0;3.203690476
2022-03-06T18:00:00+01:00;33834.80062;32833.37401;0;1001.426611;0;0
2022-03-06T18:30:00+01:00;30166.85648;30002.24143;0;164.6150512;0;0
2022-03-06T19:00:00+01:00;28970.31568;28970.31568;0;0;0;0
2022-03-06T19:30:00+01:00;28679.21254;28679.21254;0;0;0;0
2022-03-06T20:00:00+01:00;29170.31687;29170.31687;0;0;0;0
2022-03-06T20:30:00+01:00;28782.05373;28782.05373;0;0;0;0
2022-03-06T21:00:00+01:00;28478.83671;28478.83671;0;0;0;0
2022-03-06T21:30:00+01:00;28876.25579;28876.25579;0;0;0;0
2022-03-06T22:00:00+01:00;29217.23083;29217.23083;0;0;0;0
2022-03-06T22:30:00+01:00;29950.33206;29950.33206;0;0;0;0
2022-03-06T23:00:00+01:00;28911.13937;28911.13937;0;0;0;0
2022-03-06T23:30:00+01:00;29631.4252;29631.4252;0;0;0;0
2022-03-07T00:00:00+01:00;29819.07167;29819.07167;0;0;0;0
2022-03-07T00:30:00+01:00;29001.39349;29001.39349;0;0;0;0
2022-03-07T01:00:00+01:00;53933.55419;53933.55419;0;0;23851.24771;0
2022-03-07T01:30:00+01:00;54440.35635;54440.35635;0;0;24849.61287;0
2022-03-07T02:00:00+01:00;57500.8952;57500.8952;0;0;27804.64261;0
2022-03-07T02:30:00+01:00;49972.13111;49972.13111;0;0;19383.18373;0
2022-03-07T03:00:00+01:00;30702.31369;30702.31369;0;0;732.9276379;0
2022-03-07T03:30:00+01:00;29640.82595;29640.82595;0;0;98.7563281;3.381605
2022-03-07T04:00:00+01:00;29622.1759;29622.1759;0;0;0;0
2022-03-07T04:30:00+01:00;29482.09016;29464.46849;0;0;0;0
2022-03-07T05:00:00+01:00;29103.99603;29103.99603;0;0;0;0
2022-03-07T05:30:00+01:00;29835.7456;29835.7456;0;0;0;0
2022-03-07T06:00:00+01:00;29892.25313;29892.25313;0;0;0;0
2022-03-07T06:30:00+01:00;30074.81159;30074.81159;0;0;0;0
2022-03-07T07:00:00+01:00;33528.7241;33528.7241;0;0;0;0
2022-03-07T07:30:00+01:00;30843.35002;30814.5046;0;28.84541406;0;0
2022-03-07T08:00:00+01:00;33865.16522;33260.78484;0;604.3803833;0;0
2022-03-07T08:30:00+01:00;38847.65733;36792.53016;0;2055.127167;0;0
2022-03-07T09:00:00+01:00;68329.3109;63196.00563;0;3828.178278;0;1510.887162
2022-03-07T09:30:00+01:00;73487.23937;65968.43353;0;7174.905833;0;372.5912041
2022-03-07T10:00:00+01:00;83396.3358;69647.69134;0;10088.79511;0;3836.564887
2022-03-07T10:30:00+01:00;74939.22587;70013.06171;0;4895.01496;0;44.45816365
2022-03-07T11:00:00+01:00;81107.31663;75399.36762;0;5707.924008;0;13.52881639
2022-03-07T11:30:00+01:00;81494.52472;69969.55381;0;11112.54869;0;357.3591408
2022-03-07T12:00:00+01:00;73545.27489;62315.04833;0;11191.54822;0;79.06923071
2022-03-07T12:30:00+01:00;75984.84556;60736.16722;0;14337.42278;0;1052.597385
2022-03-07T13:00:00+01:00;75307.52426;55269.0961;0;20038.43276;0;16.61865911
2022-03-07T13:30:00+01:00;83474.46952;55242.54563;0;28224.35722;0;127.072984
2022-03-07T14:00:00+01:00;77788.30012;51595.47734;0;26192.82278;0;0
2022-03-07T14:30:00+01:00;77428.61151;58331.64929;0;19096.91222;0;21.10488214
2022-03-07T15:00:00+01:00;75561.17897;55504.53333;0;19983.78889;0;58.76041155
2022-03-07T15:30:00+01:00;64496.03111;47982.08306;0;16522.71944;0;0
2022-03-07T16:00:00+01:00;61221.31622;48240.46047;0;12980.85575;0;3.884064039
2022-03-07T16:30:00+01:00;57550.0106;48520.27306;0;9062.214444;0;0
2022-03-07T17:00:00+01:00;59290.24798;54065.91798;0;5077.846667;0;178.8748474
2022-03-07T17:30:00+01:00;61484.0784;59437.10325;0;1923.728722;0;153.2252452
2022-03-07T18:00:00+01:00;47162.58703;46430.29492;0;731.5337778;0;14.01291556
2022-03-07T18:30:00+01:00;30729.09726;30518.44373;0;210.6535329;0;0
2022-03-07T19:00:00+01:00;28724.09282;28724.09282;0;0;0;0
2022-03-07T19:30:00+01:00;28763.0719;28763.0719;0;0;0;0
2022-03-07T20:00:00+01:00;27966.26282;27966.26282;0;0;0;0
2022-03-07T20:30:00+01:00;27707.56333;27706.27484;0;0;0;0
2022-03-07T21:00:00+01:00;28317.42484;28317.42484;0;0;0;0
2022-03-07T21:30:00+01:00;28334.85921;28334.79421;0;0;0;0
2022-03-07T22:00:00+01:00;28655.71511;28655.71511;0;0;0;0
2022-03-07T22:30:00+01:00;28029.72484;28029.72484;0;0;0;0
2022-03-07T23:00:00+01:00;28493.2419;28493.2419;0;0;0;0
2022-03-07T23:30:00+01:00;28570.98964;28570.98964;0;0;0;0
2022-03-08T00:00:00+01:00;28864.30111;28864.30111;0;0;0;0
2022-03-08T00:30:00+01:00;28816.68004;28816.68004;0;0;0;0
2022-03-08T01:00:00+01:00;40824.76966;40824.76966;0;0;11324.36094;0
2022-03-08T01:30:00+01:00;29584.11853;29584.11853;0;0;767.3030065;1.461257143
2022-03-08T02:00:00+01:00;27937.26167;27937.26167;0;0;0;0
2022-03-08T02:30:00+01:00;28902.1681;28902.1681;0;0;0;0
2022-03-08T03:00:00+01:00;28489.12655;28489.12655;0;0;0;0
2022-03-08T03:30:00+01:00;28646.10492;28646.10492;0;0;0;0
2022-03-08T04:00:00+01:00;29544.36856;29544.36856;0;0;0;0
2022-03-08T04:30:00+01:00;28434.89726;28434.89726;0;0;0;0
2022-03-08T05:00:00+01:00;29373.68313;29373.68313;0;0;0;0
2022-03-08T05:30:00+01:00;29603.48996;29603.48996;0;0;0;0
2022-03-08T06:00:00+01:00;30549.20607;30549.20607;0;0;0;0
2022-03-08T06:30:00+01:00;30474.23933;30474.23933;0;0;0;0
2022-03-08T07:00:00+01:00;34114.94774;34114.94774;0;0;0;0
2022-03-08T07:30:00+01:00;34802.67557;34459.83365;0;342.8419174;0;0
2022-03-08T08:00:00+01:00;38527.76297;35126.13583;0;3401.627139;0;0
2022-03-08T08:30:00+01:00;50271.92829;44389.28583;0;5882.64246;0;0
2022-03-08T09:00:00+01:00;64739.12183;54377.06988;0;10053.77694;0;327.6263547
2022-03-08T09:30:00+01:00;79641.07976;62030.6673;0;17478.97913;0;23.00304841
2022-03-08T10:00:00+01:00;76411.986;62634.10686;0;13257.78391;0;522.582682
2022-03-08T10:30:00+01:00;83225.03512;73469.5369;0;8870.347421;0;1094.645941
2022-03-08T11:00:00+01:00;90041.95063;73326.00663;0;9727.576548;0;7493.885572
2022-03-08T11:30:00+01:00;90423.01024;68956.54571;0;16578.44587;0;5045.11715
2022-03-08T12:00:00+01:00;86709.48034;63507.85759;0;22022.9101;0;1360.104697
2022-03-08T12:30:00+01:00;85788.24492;65107.91877;0;18751.09361;0;1505.688586
2022-03-08T13:00:00+01:00;84561.78308;71105.97496;0;10234.78631;0;3643.957876
2022-03-08T13:30:00+01:00;80332.65937;67078.39548;0;10449.07778;0;2836.07383
2022-03-08T14:00:00+01:00;74149.9646;59804.75798;0;13932.98917;0;530.4838644
2022-03-08T14:30:00+01:00;69374.1377;52664.70167;0;16670.68437;0;0
2022-03-08T15:00:00+01:00;72683.24389;59508.34595;0;12943.46381;0;281.9313047
2022-03-08T15:30:00+01:00;78395.96502;67803.05287;0;7609.663793;0;3050.25043
2022-03-08T16:00:00+01:00;78643.36099;71125.57437;0;3794.690595;0;3708.400059
2022-03-08T16:30:00+01:00;68156.43548;64187.77925;0;3754.714167;0;240.1635875
2022-03-08T17:00:00+01:00;63433.13341;60152.18952;0;3213.793889;0;25.63276333
2022-03-08T17:30:00+01:00;61303.20668;59195.94321;0;1891.678944;0;254.2547919
2022-03-08T18:00:00+01:00;36942.81202;35502.31571;0;1372.812972;0;41.54814127
2022-03-08T18:30:00+01:00;29203.73041;28489.53612;0;714.1942816;0;0
2022-03-08T19:00:00+01:00;28859.692;28845.82516;0;13.86683917;0;0
2022-03-08T19:30:00+01:00;29162.83782;29162.83782;0;0;0;0
2022-03-08T20:00:00+01:00;28949.76012;28949.76012;0;0;0;0
2022-03-08T20:30:00+01:00;28741.67683;28741.67683;0;0;0;0
2022-03-08T21:00:00+01:00;29088.11798;29088.11798;0;0;0;0
2022-03-08T21:30:00+01:00;28719.77976;28719.77976;0;0;0;0
2022-03-08T22:00:00+01:00;29443.3456;29443.3456;0;0;0;0
2022-03-08T22:30:00+01:00;29331.09044;29331.09044;0;0;0;0
2022-03-08T23:00:00+01:00;28355.11528;28355.11528;0;0;0;0
2022-03-08T23:30:00+01:00;29421.03183;29421.03183;0;0;0;0
2022-03-09T00:00:00+01:00;28912.47956;28912.47956;0;0;0;0
2022-03-09T00:30:00+01:00;28261.28921;28261.28921;0;0;0;0
2022-03-09T01:00:00+01:00;53622.64837;53622.64837;0;0;24068.74338;0
2022-03-09T01:30:00+01:00;46736.38218;46736.38218;0;0;17982.91315;0
2022-03-09T02:00:00+01:00;30246.43738;30246.43738;0;0;961.5141422;3.490326667
2022-03-09T02:30:00+01:00;28854.8325;28854.8325;0;0;0;0
2022-03-09T03:00:00+01:00;28511.57796;28511.57796;0;0;0;0
2022-03-09T03:30:00+01:00;28594.51889;28594.51889;0;0;0;0
2022-03-09T04:00:00+01:00;28699.07603;28697.32687;0;0;0;0
2022-03-09T04:30:00+01:00;28510.85778;28510.85778;0;0;0;0
2022-03-09T05:00:00+01:00;29109.75746;29109.75746;0;0;0;0
2022-03-09T05:30:00+01:00;29743.0346;29743.0346;0;0;0;0
2022-03-09T06:00:00+01:00;29046.29852;29046.29852;0;0;0;0
2022-03-09T06:30:00+01:00;29343.44325;29343.44325;0;0;0;0
2022-03-09T07:00:00+01:00;32233.3904;32233.3904;0;0;0;0
2022-03-09T07:30:00+01:00;35649.00952;35480.68171;0;168.3278118;0;0
2022-03-09T08:00:00+01:00;38215.32669;36858.57917;0;1356.747528;0;0
2022-03-09T08:30:00+01:00;43634.49487;37722.04774;0;5912.41269;0;0
2022-03-09T09:00:00+01:00;63897.85479;57993.63584;0;5904.218957;0;4.559786125
2022-03-09T09:30:00+01:00;82742.03086;70469.15925;0;5015.054389;0;7380.534377
2022-03-09T10:00:00+01:00;89217.10063;69112.24329;0;14484.78472;0;6118.029994
2022-03-09T10:30:00+01:00;86119.54929;74087.56869;0;8381.624444;0;3850.896405
2022-03-09T11:00:00+01:00;87174.48306;72673.21294;0;12137.65226;0;2818.90421
2022-03-09T11:30:00+01:00;93142.54921;73874.90417;0;10150.60321;0;9523.323138
2022-03-09T12:00:00+01:00;90923.05037;73813.44208;0;9403.014696;0;8229.452731
2022-03-09T12:30:00+01:00;73558.32266;66616.72135;0;6677.869167;0;318.2280731
2022-03-09T13:00:00+01:00;73516.54583;64278.09381;0;8493.921071;0;927.3459723
2022-03-09T13:30:00+01:00;78852.26746;63053.30361;0;14396.81306;0;1244.774258
2022-03-09T14:00:00+01:00;74022.78952;63272.49373;0;9656.458492;0;1086.218299
2022-03-09T14:30:00+01:00;87163.68666;67689.93075;0;18593.38699;0;720.2805525
2022-03-09T15:00:00+01:00;76518.58385;59843.8819;0;16509.75194;0;238.3531011
2022-03-09T15:30:00+01:00;72352.45111;64815.15679;0;6896.961111;0;994.2383224
2022-03-09T16:00:00+01:00;60017.33329;54243.15056;0;5773.865278;0;11.53085
2022-03-09T16:30:00+01:00;61855.09028;58446.04032;0;3294.033294;0;134.7303606
2022-03-09T17:00:00+01:00;64270.00454;61763.79067;0;2476.363861;0;73.43401127
2022-03-09T17:30:00+01:00;61380.25621;60122.14216;0;1257.303707;0;55.73495394
2022-03-09T18:00:00+01:00;46437.18309;45749.69679;0;687.4863056;0;0
2022-03-09T18:30:00+01:00;33706.09939;33563.03079;0;144.9079639;0;0
2022-03-09T19:00:00+01:00;29770.54837;29770.54837;0;0;0;0
2022-03-09T19:30:00+01:00;27731.71175;27731.71175;0;0;0;0
2022-03-09T20:00:00+01:00;27958.4119;27948.67302;0;0;0;0
2022-03-09T20:30:00+01:00;28271.79717;28271.79717;0;0;0;0
2022-03-09T21:00:00+01:00;28001.43702;28001.43702;0;0;0;0
2022-03-09T21:30:00+01:00;28405.2575;28405.2575;0;0;0;0
2022-03-09T22:00:00+01:00;28048.41758;28048.41758;0;0;0;0
2022-03-09T22:30:00+01:00;28352.12437;28352.12437;0;0;0;0
2022-03-09T23:00:00+01:00;28374.08251;28374.08251;0;0;0;0
2022-03-09T23:30:00+01:00;27951.38135;27951.38135;0;0;0;0
2022-03-10T00:00:00+01:00;27858.57857;27858.57857;0;0;0;0
2022-03-10T00:30:00+01:00;28427.30147;28409.67187;0;0;0;0
2022-03-10T01:00:00+01:00;52648.88766;52648.88766;0;0;24080.38865;0
2022-03-10T01:30:00+01:00;54193.2306;54193.2306;0;0;26303.57945;0
2022-03-10T02:00:00+01:00;30251.83214;30251.83214;0;0;1502.135873;3.524965517
2022-03-10T02:30:00+01:00;28760.4844;28760.4844;0;0;0;0
2022-03-10T03:00:00+01:00;28705.01048;28705.01048;0;0;0;0
2022-03-10T03:30:00+01:00;28433.42337;28433.42337;0;0;0;0
2022-03-10T04:00:00+01:00;28172.89841;28162.13925;0;0;0;0
2022-03-10T04:30:00+01:00;28280.31492;28280.31492;0;0;0;0
2022-03-10T05:00:00+01:00;27838.29479;27838.29479;0;0;0;0
2022-03-10T05:30:00+01:00;28887.11595;28887.11595;0;0;0;0
2022-03-10T06:00:00+01:00;28373.75714;28373.75714;0;0;0;0
2022-03-10T06:30:00+01:00;28202.02151;28202.02151;0;0;0;0
2022-03-10T07:00:00+01:00;32026.0044;32026.0044;0;0;0;0
2022-03-10T07:30:00+01:00;34027.59237;33842.17198;0;171.0431567;0;0
2022-03-10T08:00:00+01:00;36335.04307;31679.08198;0;4655.961092;0;0
2022-03-10T08:30:00+01:00;43490.31818;38652.24774;0;4838.070444;0;0
2022-03-10T09:00:00+01:00;78045.88997;66946.11746;0;6774.283222;0;4155.194714
2022-03-10T09:30:00+01:00;69991.1406;59980.69155;0;9962.25;0;3.184583333
2022-03-10T10:00:00+01:00;82865.13381;70844.48341;0;11694.825;0;381.46016
2022-03-10T10:30:00+01:00;91267.22448;65906.31583;0;24525.50389;0;884.4547392
2022-03-10T11:00:00+01:00;91795.08612;66568.5241;0;24002.72213;0;1641.519299
2022-03-10T11:30:00+01:00;87683.60786;71072.90214;0;11233.60611;0;5803.510339
2022-03-10T12:00:00+01:00;88835.82591;73388.82234;0;6637.336111;0;8751.53447
2022-03-10T12:30:00+01:00;81101.89555;67854.60266;0;12400.34286;0;843.3153654
2022-03-10T13:00:00+01:00;75477.65869;65714.13079;0;8634.0275;0;1298.03283
2022-03-10T13:30:00+01:00;83225.79048;70439.27377;0;7865.103889;0;5297.992788
2022-03-10T14:00:00+01:00;83454.46572;72635.64191;0;4863.909195;0;5715.688502
2022-03-10T14:30:00+01:00;82071.31345;71379.12687;0;4485.71;0;6418.286436
2022-03-10T15:00:00+01:00;72228.48623;66332.05512;0;4070.503333;0;1698.236306
2022-03-10T15:30:00+01:00;75234.88052;69855.77615;0;3624.532944;0;2151.31687
2022-03-10T16:00:00+01:00;69107.57063;65719.2725;0;2339.226944;0;1192.881823
2022-03-10T16:30:00+01:00;65220.12149;63616.17336;0;1240.915287;0;384.5114714
2022-03-10T17:00:00+01:00;61330.88858;60153.08317;0;1176.122861;0;8.180490238
2022-03-10T17:30:00+01:00;58772.44979;58187.92635;0;571.1583611;0;36.47767758
2022-03-10T18:00:00+01:00;35015.69146;34929.66722;0;86.02423628;0;0
2022-03-10T18:30:00+01:00;29148.47783;29148.09024;0;0.387594867;0;0
2022-03-10T19:00:00+01:00;27769.80036;27769.80036;0;0;0;0
2022-03-10T19:30:00+01:00;29005.98814;28997.04848;0;0;0;0
2022-03-10T20:00:00+01:00;28132.18802;28132.18802;0;0;0;0
2022-03-10T20:30:00+01:00;28467.47944;28467.47944;0;0;0;0
2022-03-10T21:00:00+01:00;27613.07643;27613.07643;0;0;0;0
2022-03-10T21:30:00+01:00;28044.46778;28043.45444;0;0;0;0
2022-03-10T22:00:00+01:00;28338.54714;28332.76933;0;0;0;0
2022-03-10T22:30:00+01:00;28255.84585;28255.84585;0;0;0;0
2022-03-10T23:00:00+01:00;28500.47325;28500.47325;0;0;0;0
2022-03-10T23:30:00+01:00;28495.17841;28486.95841;0;0;0;0
2022-03-11T00:00:00+01:00;28898.3254;28898.3254;0;0;0;0
2022-03-11T00:30:00+01:00;28678.74508;28678.74508;0;0;0;0
2022-03-11T01:00:00+01:00;59863.50671;59863.50671;0;0;31155.28819;0
2022-03-11T01:30:00+01:00;55582.84323;55582.84323;0;0;26804.11091;0
2022-03-11T02:00:00+01:00;29326.73829;29326.73829;0;0;1226.295259;3.605375
2022-03-11T02:30:00+01:00;28598.05984;28598.05984;0;0;0;0
2022-03-11T03:00:00+01:00;27690.32143;27690.32143;0;0;0;0
2022-03-11T03:30:00+01:00;28058.59679;28058.59679;0;0;0;0
2022-03-11T04:00:00+01:00;29338.07103;29338.07103;0;0;0;0
2022-03-11T04:30:00+01:00;27918.48904;27918.48904;0;0;0;0
2022-03-11T05:00:00+01:00;28517.20857;28517.20857;0;0;0;0
2022-03-11T05:30:00+01:00;28659.0871;28659.0871;0;0;0;0
2022-03-11T06:00:00+01:00;29116.41452;29116.41452;0;0;0;0
2022-03-11T06:30:00+01:00;28522.52274;28522.52274;0;0;0;0
2022-03-11T07:00:00+01:00;31732.49991;31712.37444;0;20.12546944;0;0
2022-03-11T07:30:00+01:00;33162.02396;32886.23945;0;275.7845115;0;0
2022-03-11T08:00:00+01:00;38091.67708;37390.65841;0;701.0186667;0;0
2022-03-11T08:30:00+01:00;42304.45157;40999.22163;0;1305.229944;0;0
2022-03-11T09:00:00+01:00;68397.7792;66286.62841;0;1605.1865;0;711.4931262
2022-03-11T09:30:00+01:00;82339.32446;71546.5346;0;3272.652556;0;8522.441987
2022-03-11T10:00:00+01:00;83770.525;74315.18814;0;4356.058046;0;4953.296967
2022-03-11T10:30:00+01:00;78067.1246;68096.21905;0;7436.847222;0;2558.451816
2022-03-11T11:00:00+01:00;81317.07702;69164.91377;0;9369.00373;0;2636.111449
2022-03-11T11:30:00+01:00;84851.76435;74715.3554;0;3043.322845;0;7156.032678
2022-03-11T12:00:00+01:00;84327.91038;73489.0246;0;5292.837365;0;6266.333772
2022-03-11T12:30:00+01:00;78850.57565;72443.87413;0;2952.064056;0;3360.667465
2022-03-11T13:00:00+01:00;89831.32672;74426.87377;0;4005.583908;0;11858.78467
2022-03-11T13:30:00+01:00;85272.49689;74039.03992;0;3762.947167;0;7575.377905
2022-03-11T14:00:00+01:00;90758.40845;75421.31746;0;3032.374389;0;12911.55171
2022-03-11T14:30:00+01:00;88382.26743;74755.27611;0;3288.963222;0;10833.57508
2022-03-11T15:00:00+01:00;77032.23109;71387.81016;0;2474.6245;0;3529.174433
2022-03-11T15:30:00+01:00;80324.92017;72116.67238;0;3509.391833;0;5127.232781
2022-03-11T16:00:00+01:00;77322.65753;70121.13727;0;4361.269023;0;3124.669914
2022-03-11T16:30:00+01:00;74420.97991;69872.9423;0;1571.665389;0;3335.962864
2022-03-11T17:00:00+01:00;70879.94598;65659.41508;0;3004.538833;0;2266.17594
2022-03-11T17:30:00+01:00;66854.99199;63764.13377;0;3090.858222;0;25.08661413
2022-03-11T18:00:00+01:00;46755.46483;45738.11056;0;1017.354278;0;0
2022-03-11T18:30:00+01:00;33344.76494;32969.395;0;375.369941;0;0
2022-03-11T19:00:00+01:00;27080.52956;27080.52956;0;0;0;0
2022-03-11T19:30:00+01:00;25333.34044;25333.34044;0;0;0;0
2022-03-11T20:00:00+01:00;25012.33052;25012.33052;0;0;0;0
2022-03-11T20:30:00+01:00;25462.69163;25458.31798;0;0;0;0
2022-03-11T21:00:00+01:00;26611.99325;26611.99325;0;0;0;0
2022-03-11T21:30:00+01:00;28670.85087;28670.85087;0;0;0;0
2022-03-11T22:00:00+01:00;28012.43333;28012.43333;0;0;0;0
2022-03-11T22:30:00+01:00;28315.1798;28315.1798;0;0;0;0
2022-03-11T23:00:00+01:00;28018.8381;28018.8381;0;0;0;0
2022-03-11T23:30:00+01:00;27917.2802;27917.2802;0;0;0;0
2022-03-12T00:00:00+01:00;28261.65274;28261.65274;0;0;0;0
2022-03-12T00:30:00+01:00;26162.4771;26162.4771;0;0;0;0
2022-03-12T01:00:00+01:00;56626.56757;56626.56757;0;0;29613.42063;0
2022-03-12T01:30:00+01:00;60255.21115;60255.21115;0;0;33812.36386;0
2022-03-12T02:00:00+01:00;59046.50956;59046.50956;0;0;33123.67453;0
2022-03-12T02:30:00+01:00;38989.79853;38989.79853;0;0;13617.83195;0
2022-03-12T03:00:00+01:00;28554.35321;28554.35321;0;0;382.6614817;3.680430159
2022-03-12T03:30:00+01:00;28098.63044;28098.63044;0;0;0;0
2022-03-12T04:00:00+01:00;27857.48666;27857.48666;0;0;0;0
2022-03-12T04:30:00+01:00;27920.85175;27920.85175;0;0;0;0
2022-03-12T05:00:00+01:00;28334.51349;28334.51349;0;0;0;0
2022-03-12T05:30:00+01:00;28821.60615;28821.60615;0;0;0;0
2022-03-12T06:00:00+01:00;28242.9175;28242.9175;0;0;0;0
2022-03-12T06:30:00+01:00;28417.66766;28417.66766;0;0;0;0
2022-03-12T07:00:00+01:00;32020.48711;32020.39696;0;0.090150862;0;0
2022-03-12T07:30:00+01:00;34266.8058;33399.09639;0;866.9202411;0;0
2022-03-12T08:00:00+01:00;36841.09574;31924.90885;0;4916.186889;0;0
2022-03-12T08:30:00+01:00;39046.26929;28453.72984;0;10592.53944;0;0
2022-03-12T09:00:00+01:00;56260.68151;40261.03317;0;15999.64833;0;0
2022-03-12T09:30:00+01:00;88412.49952;67990.60603;0;20309.85222;0;121.8812945
2022-03-12T10:00:00+01:00;92227.25062;67717.38337;0;23750.00517;0;900.8506665
2022-03-12T10:30:00+01:00;91453.42127;66371.26294;0;24484.94167;0;437.92475
2022-03-12T11:00:00+01:00;87340.36206;61340.66563;0;24592.625;0;1720.026607
2022-03-12T11:30:00+01:00;86196.29254;61120.51143;0;24059.77556;0;949.1075468
2022-03-12T12:00:00+01:00;93520.06631;72128.58615;0;15340.28333;0;6426.382021
2022-03-12T12:30:00+01:00;87698.08715;66002.81293;0;19921.37931;0;1879.551037
2022-03-12T13:00:00+01:00;88855.84548;63883.36131;0;21456.8425;0;3728.565398
2022-03-12T13:30:00+01:00;84274.62389;62395.95909;0;20158.0156;0;1912.757389
2022-03-12T14:00:00+01:00;86058.60183;68777.48802;0;11270.49833;0;6228.03267
2022-03-12T14:30:00+01:00;88909.78873;67274.88651;0;18857.01889;0;2897.32912
2022-03-12T15:00:00+01:00;82885.45615;63584.18655;0;18581.07278;0;652.3398591
2022-03-12T15:30:00+01:00;76171.1227;60469.5007;0;15670.7546;0;59.89977755
2022-03-12T16:00:00+01:00;69244.54774;54883.29028;0;13833.39833;0;593.8850348
2022-03-12T16:30:00+01:00;65354.66258;55659.92131;0;9694.74127;0;0
2022-03-12T17:00:00+01:00;61691.42484;58715.16321;0;2961.642575;0;44.14388988
2022-03-12T17:30:00+01:00;53866.13056;51529.65817;0;2336.472389;0;0
2022-03-12T18:00:00+01:00;47792.92892;46169.59236;0;1622.802586;0;0
2022-03-12T18:30:00+01:00;47642.52901;47333.5993;0;317.8768626;0;0
2022-03-12T19:00:00+01:00;29823.09227;29822.87317;0;0.219096;0;0
2022-03-12T19:30:00+01:00;27926.61321;27926.61321;0;0;0;0
2022-03-12T20:00:00+01:00;28831.4377;28831.4377;0;0;0;0
2022-03-12T20:30:00+01:00;25440.15175;25440.15175;0;0;0;0
2022-03-12T21:00:00+01:00;24917.70546;24917.70546;0;0;0;0
2022-03-12T21:30:00+01:00;25468.09778;25468.09778;0;0;0;0
2022-03-12T22:00:00+01:00;27247.4821;27247.4821;0;0;0;0
2022-03-12T22:30:00+01:00;28598.09448;28598.09448;0;0;0;0
2022-03-12T23:00:00+01:00;29321.5146;29320.34794;0;0;0;0
2022-03-12T23:30:00+01:00;28342.41758;28342.41758;0;0;0;0
2022-03-13T00:00:00+01:00;28276.82123;28276.82123;0;0;0;0
2022-03-13T00:30:00+01:00;28172.53814;28172.53814;0;0;0;0
2022-03-13T01:00:00+01:00;58839.51075;58839.51075;0;0;29727.19356;0
2022-03-13T01:30:00+01:00;36950.86548;36950.86548;0;0;7845.743701;0
2022-03-13T02:00:00+01:00;28614.78274;28614.78274;0;0;110.5355888;3.449114286
2022-03-13T02:30:00+01:00;28653.24143;28653.24143;0;0;0;0
2022-03-13T03:00:00+01:00;28692.58825;28692.58825;0;0;0;0
2022-03-13T03:30:00+01:00;28639.75135;28639.75135;0;0;0;0
2022-03-13T04:00:00+01:00;27981.14659;27981.14659;0;0;0;0
2022-03-13T04:30:00+01:00;26130.54421;26130.54421;0;0;0;0
2022-03-13T05:00:00+01:00;25482.93476;25482.93476;0;0;0;0
2022-03-13T05:30:00+01:00;26583.86433;26583.86433;0;0;0;0
2022-03-13T06:00:00+01:00;25784.29734;25784.29734;0;0;0;0
2022-03-13T06:30:00+01:00;25538.29795;25538.29795;0;0;0;0
2022-03-13T07:00:00+01:00;32574.98323;32574.88258;0;0.100655333;0;0
2022-03-13T07:30:00+01:00;30320.29767;29893.59159;0;426.7060876;0;0
2022-03-13T08:00:00+01:00;30057.37984;27881.08373;0;2176.296111;0;0
2022-03-13T08:30:00+01:00;30518.69267;22979.38401;0;7539.308667;0;0
2022-03-13T09:00:00+01:00;39788.99741;27749.11983;0;12039.87759;0;0
2022-03-13T09:30:00+01:00;60799.53718;46342.89107;0;14456.64611;0;0
2022-03-13T10:00:00+01:00;59283.21135;47382.74746;0;11900.46389;0;0
2022-03-13T10:30:00+01:00;71694.12119;56078.06952;0;15435.56833;0;240.7978271
2022-03-13T11:00:00+01:00;84963.24111;70586.30444;0;13976.73667;0;488.3338249
2022-03-13T11:30:00+01:00;94065.18948;75061.26615;0;7213.448333;0;12268.47006
2022-03-13T12:00:00+01:00;88853.98629;70274.8975;0;10975.83879;0;7753.51727
2022-03-13T12:30:00+01:00;84849.09599;68051.38671;0;12680.65889;0;4277.163504
2022-03-13T13:00:00+01:00;80910.11988;63251.1721;0;16810.75889;0;1237.209358
2022-03-13T13:30:00+01:00;87054.65056;66745.1756;0;17608.89361;0;2705.064092
2022-03-13T14:00:00+01:00;82905.70782;64457.27504;0;16684.225;0;1899.980309
2022-03-13T14:30:00+01:00;82517.79615;65417.1056;0;16970.49056;0;270.0563198
2022-03-13T15:00:00+01:00;80420.59146;62739.83005;0;15463.18908;0;2122.803626
2022-03-13T15:30:00+01:00;78219.42;64535.35524;0;12513.65167;0;1347.911821
2022-03-13T16:00:00+01:00;71088.79413;58813.64857;0;12215.64556;0;85.27767571
2022-03-13T16:30:00+01:00;73251.79425;65572.50813;0;5966.577778;0;1736.468639
2022-03-13T17:00:00+01:00;67516.13671;62415.88468;0;4594.453611;0;524.6744644
2022-03-13T17:30:00+01:00;54888.55052;53123.65357;0;1754.346944;0;10.13308341
2022-03-13T18:00:00+01:00;34230.60028;32679.64356;0;1550.956724;0;0
2022-03-13T18:30:00+01:00;30010.10227;29645.72683;0;364.3754444;0;0
2022-03-13T19:00:00+01:00;25585.03816;25581.57992;0;3.458239417;0;0
2022-03-13T19:30:00+01:00;25408.88345;25408.88345;0;0;0;0
2022-03-13T20:00:00+01:00;26045.04524;26045.04524;0;0;0;0
2022-03-13T20:30:00+01:00;26047.41461;26047.41461;0;0;0;0
2022-03-13T21:00:00+01:00;26498.28869;26498.28869;0;0;0;0
2022-03-13T21:30:00+01:00;26820.68361;26820.68361;0;0;0;0
2022-03-13T22:00:00+01:00;27018.21222;27018.21222;0;0;0;0
2022-03-13T22:30:00+01:00;27361.73734;27361.73734;0;0;0;0
2022-03-13T23:00:00+01:00;27428.21075;27427.36583;0;0;0;0
2022-03-13T23:30:00+01:00;28339.32607;28339.32607;0;0;0;0
2022-03-14T00:00:00+01:00;26441.24821;26441.24821;0;0;0;0
2022-03-14T00:30:00+01:00;27411.70536;27411.70536;0;0;0;0
2022-03-14T01:00:00+01:00;59749.26984;59749.26984;0;0;31029.74796;0
2022-03-14T01:30:00+01:00;40716.23119;40716.23119;0;0;12795.90372;0
2022-03-14T02:00:00+01:00;28762.61325;28762.61325;0;0;447.6390862;0
2022-03-14T02:30:00+01:00;27217.41412;27217.41412;0;0;0;0
2022-03-14T03:00:00+01:00;28018.1046;28018.1046;0;0;0;0
2022-03-14T03:30:00+01:00;27486.32643;27486.32643;0;0;0;0
2022-03-14T04:00:00+01:00;26976.37377;26976.37377;0;0;0;0
2022-03-14T04:30:00+01:00;29817.6548;29817.6548;0;0;0;0
2022-03-14T05:00:00+01:00;27277.05738;27277.05738;0;0;0;0
2022-03-14T05:30:00+01:00;29047.14499;29047.14499;0;0;0;0
2022-03-14T06:00:00+01:00;27880.6806;27880.6806;0;0;0;0
2022-03-14T06:30:00+01:00;27962.87119;27962.87119;0;0;0;0
2022-03-14T07:00:00+01:00;31835.26307;31781.79357;0;53.46950333;0;0
2022-03-14T07:30:00+01:00;29020.12211;27783.24;0;1236.882111;0;0
2022-03-14T08:00:00+01:00;32280.93508;28501.05468;0;3779.880402;0;0
2022-03-14T08:30:00+01:00;53775.10525;44138.81032;0;8897.748111;0;692.6984091
2022-03-14T09:00:00+01:00;69620.54523;61477.76016;0;7681.978722;0;588.93023
2022-03-14T09:30:00+01:00;86868.0344;69147.77829;0;16040.84778;0;1605.603803
2022-03-14T10:00:00+01:00;73008.66397;47926.70675;0;25081.95722;0;2.910342857
2022-03-14T10:30:00+01:00;69098.81254;45507.64476;0;23565.86944;0;0
2022-03-14T11:00:00+01:00;72502.85663;49160.70885;0;23342.14778;0;2.732274603
2022-03-14T11:30:00+01:00;74478.49676;49834.99446;0;24643.5023;0;0
2022-03-14T12:00:00+01:00;75879.24802;47763.0419;0;28116.20611;0;0
2022-03-14T12:30:00+01:00;75563.33246;48989.52135;0;26573.81111;0;3.267832778
2022-03-14T13:00:00+01:00;77221.9421;48085.96877;0;29135.97333;0;2.895763333
2022-03-14T13:30:00+01:00;75555.25528;50027.13456;0;25528.11238;0;4.099070238
2022-03-14T14:00:00+01:00;78268.85036;58531.75016;0;18955.00278;0;634.6093805
2022-03-14T14:30:00+01:00;74757.50546;66668.19454;0;7739.06954;0;413.2752745
2022-03-14T15:00:00+01:00;73738.40687;63337.88798;0;10182.43556;0;181.7787067
2022-03-14T15:30:00+01:00;80640.38571;61694.47325;0;18378.18444;0;522.0197781
2022-03-14T16:00:00+01:00;71588.91591;61896.10313;0;8770.082778;0;919.6585828
2022-03-14T16:30:00+01:00;71059.10733;61253.44714;0;8369.342722;0;1148.139682
2022-03-14T17:00:00+01:00;74491.81963;68664.46619;0;4451.103833;0;1485.214588
2022-03-14T17:30:00+01:00;63044.8975;60436.78612;0;2333.945115;0;280.2185439
2022-03-14T18:00:00+01:00;41646.05938;40498.33738;0;1147.722;0;0
2022-03-14T18:30:00+01:00;33037.32914;32509.89909;0;524.7409222;0;0
2022-03-14T19:00:00+01:00;28950.75362;28937.21873;0;13.53488769;0;0
2022-03-14T19:30:00+01:00;27742.22099;27742.22099;0;0;0;0
2022-03-14T20:00:00+01:00;28874.48666;28874.48666;0;0;0;0
2022-03-14T20:30:00+01:00;27343.9346;27343.9346;0;0;0;0
2022-03-14T21:00:00+01:00;27753.71833;27753.71833;0;0;0;0
2022-03-14T21:30:00+01:00;29569.9548;29569.9548;0;0;0;0
2022-03-14T22:00:00+01:00;28237.27187;28237.27187;0;0;0;0
2022-03-14T22:30:00+01:00;27586.80675;27586.80675;0;0;0;0
2022-03-14T23:00:00+01:00;28808.69918;28808.69918;0;0;0;0
2022-03-14T23:30:00+01:00;28873.67175;28873.67175;0;0;0;0
2022-03-15T00:00:00+01:00;28080.60198;28080.60198;0;0;0;0
2022-03-15T00:30:00+01:00;28639.87429;28639.87429;0;0;0;0
2022-03-15T01:00:00+01:00;41254.91925;41254.91925;0;0;13613.13084;0
2022-03-15T01:30:00+01:00;29233.60937;29233.60937;0;0;381.2571787;2.837166667
2022-03-15T02:00:00+01:00;28689.38888;28689.38888;0;0;0;0
2022-03-15T02:30:00+01:00;27063.40294;27063.40294;0;0;0;0
2022-03-15T03:00:00+01:00;29238.72877;29238.72877;0;0;0;0
2022-03-15T03:30:00+01:00;28206.92226;28206.92226;0;0;0;0
2022-03-15T04:00:00+01:00;27581.2744;27581.2744;0;0;0;0
2022-03-15T04:30:00+01:00;28779.86675;28779.86675;0;0;0;0
2022-03-15T05:00:00+01:00;27759.47418;27759.47418;0;0;0;0
2022-03-15T05:30:00+01:00;29411.10163;29411.10163;0;0;0;0
2022-03-15T06:00:00+01:00;29574.11036;29574.11036;0;0;0;0
2022-03-15T06:30:00+01:00;28151.45206;28149.5379;0;0;0;0
2022-03-15T07:00:00+01:00;31416.36552;31410.26071;0;6.104805917;0;0
2022-03-15T07:30:00+01:00;33998.61247;32873.05984;0;1126.386556;0;0
2022-03-15T08:00:00+01:00;37637.74266;32669.14959;0;4965.829483;0;0
2022-03-15T08:30:00+01:00;42106.19349;33793.86452;0;8314.596349;0;0
2022-03-15T09:00:00+01:00;45249.82143;36782.96258;0;8466.858849;0;0
2022-03-15T09:30:00+01:00;79510.79044;69108.75639;0;6514.384444;0;3914.413018
2022-03-15T10:00:00+01:00;77279.41127;71273.92579;0;5153.163968;0;1048.921314
2022-03-15T10:30:00+01:00;77738.10944;73726.13905;0;2752.138492;0;1500.302539
2022-03-15T11:00:00+01:00;81142.95205;74410.41515;0;776.2060345;0;6184.313491
2022-03-15T11:30:00+01:00;86995.99083;75905.23286;0;616.1694444;0;11040.14186
2022-03-15T12:00:00+01:00;75538.98845;72460.02988;0;0;0;3044.345011
2022-03-15T12:30:00+01:00;60237.50024;59872.57802;0;0;0;332.3870712
2022-03-15T13:00:00+01:00;59483.47056;59092.27651;0;0;0;495.4076012
2022-03-15T13:30:00+01:00;60603.45406;60588.95406;0;0;0;18.23333161
2022-03-15T14:00:00+01:00;59920.44714;59225.39238;0;0;0;730.8156062
2022-03-15T14:30:00+01:00;89261.32952;73092.84762;0;8232.258889;0;8204.792498
2022-03-15T15:00:00+01:00;82790.91988;71292.61361;0;5867.670556;0;5377.511713
2022-03-15T15:30:00+01:00;76063.61147;71724.00433;0;630.0333333;0;4008.20602
2022-03-15T16:00:00+01:00;68444.42044;66234.81726;0;420.4388889;0;1917.893083
2022-03-15T16:30:00+01:00;61013.0243;60324.92947;0;0;0;773.8635088
2022-03-15T17:00:00+01:00;62633.43587;61733.0946;0;0;0;935.2936403
2022-03-15T17:30:00+01:00;60595.0406;60312.78433;0;269.7562778;0;14.03168317
2022-03-15T18:00:00+01:00;36778.8239;36558.2419;0;219.6436667;0;0
2022-03-15T18:30:00+01:00;27140.33901;27140.33901;0;0;0;0
2022-03-15T19:00:00+01:00;27623.38873;27623.38873;0;0;0;0
2022-03-15T19:30:00+01:00;26198.22611;26198.22611;0;0;0;0
2022-03-15T20:00:00+01:00;26278.50861;26278.50861;0;0;0;0
2022-03-15T20:30:00+01:00;27360.06611;27360.06611;0;0;0;0
2022-03-15T21:00:00+01:00;26478.73413;26478.73413;0;0;0;0
2022-03-15T21:30:00+01:00;26354.21631;26354.21631;0;0;0;0
2022-03-15T22:00:00+01:00;26699.27291;26699.27291;0;0;0;0
2022-03-15T22:30:00+01:00;27961.42103;27961.42103;0;0;0;0
2022-03-15T23:00:00+01:00;26699.54865;26699.54865;0;0;0;0
2022-03-15T23:30:00+01:00;28034.22345;28029.20345;0;0;0;0
2022-03-16T00:00:00+01:00;26834.13925;26834.13925;0;0;0;0
2022-03-16T00:30:00+01:00;26499.54095;26499.54095;0;0;0;0
2022-03-16T01:00:00+01:00;59485.41593;59485.41593;0;0;32159.3985;0
2022-03-16T01:30:00+01:00;56348.34837;56348.34837;0;0;28786.22628;0
2022-03-16T02:00:00+01:00;28412.19242;28412.19242;0;0;1183.378329;3.2311
2022-03-16T02:30:00+01:00;26281.05722;26281.05722;0;0;0;0
2022-03-16T03:00:00+01:00;28606.62452;28606.62452;0;0;0;0
2022-03-16T03:30:00+01:00;26641.95877;26641.95877;0;0;0;0
2022-03-16T04:00:00+01:00;27041.91597;27041.91597;0;0;0;0
2022-03-16T04:30:00+01:00;27145.29925;27145.29925;0;0;0;0
2022-03-16T05:00:00+01:00;27572.30734;27570.77413;0;0;0;0
2022-03-16T05:30:00+01:00;27232.64401;27232.64401;0;0;0;0
2022-03-16T06:00:00+01:00;27560.9848;27560.9848;0;0;0;0
2022-03-16T06:30:00+01:00;26729.38234;26726.42937;0;0;0;0
2022-03-16T07:00:00+01:00;30407.61326;30404.89019;0;0;0;0
2022-03-16T07:30:00+01:00;34007.9;33997.13758;0;10.76242222;0;0
2022-03-16T08:00:00+01:00;34925.75353;34925.75353;0;0;0;0
2022-03-16T08:30:00+01:00;36431.32545;36371.3602;0;59.96525;0;0
2022-03-16T09:00:00+01:00;69240.46685;67451.23198;0;947.8916111;0;817.1512266
2022-03-16T09:30:00+01:00;65778.05264;64573.22853;0;772.6344499;0;377.7870257
2022-03-16T10:00:00+01:00;87553.70073;74871.18849;0;2747.67375;0;10695.05536
2022-03-16T10:30:00+01:00;76939.33112;73800.44825;0;1165.154294;0;2059.961346
2022-03-16T11:00:00+01:00;91202.87596;75163.85004;0;963.9948135;0;15645.73719
2022-03-16T11:30:00+01:00;96153.88392;75040.94663;0;568.3293611;0;20847.43011
2022-03-16T12:00:00+01:00;84671.56675;74364.8672;0;442.3460608;0;10525.74625
2022-03-16T12:30:00+01:00;85525.9798;75056.59778;0;181.6169;0;10110.57467
2022-03-16T13:00:00+01:00;82404.58067;74780.90218;0;623.1372163;0;7322.805576
2022-03-16T13:30:00+01:00;83203.211;75193.28393;0;1103.594806;0;7184.57419
2022-03-16T14:00:00+01:00;79034.86286;72781.38579;0;1208.062778;0;5207.381094
2022-03-16T14:30:00+01:00;82513.77995;74706.82702;0;1313.186659;0;6603.145322
2022-03-16T15:00:00+01:00;83294.02076;79307.39992;0;1400.004466;0;2685.071659
2022-03-16T15:30:00+01:00;77113.18356;71724.9548;0;892.8458246;0;4423.780013
2022-03-16T16:00:00+01:00;71383.82656;68448.67202;0;878.1656508;0;2002.930817
2022-03-16T16:30:00+01:00;64239.08867;62686.15877;0;1371.35054;0;302.9702153
2022-03-16T17:00:00+01:00;67345.12242;65564.21179;0;618.0550754;0;1013.556146
2022-03-16T17:30:00+01:00;48719.92933;48166.45353;0;553.4758046;0;2.962018062
2022-03-16T18:00:00+01:00;34120.82232;33868.56135;0;252.2609667;0;0
2022-03-16T18:30:00+01:00;27716.02452;27714.59163;0;1.432895444;0;0
2022-03-16T19:00:00+01:00;27283.50397;27282.51274;0;0.991227333;0;0
2022-03-16T19:30:00+01:00;27704.74849;27704.74849;0;0;0;0
2022-03-16T20:00:00+01:00;27818.00278;27816.03861;0;0;0;0
2022-03-16T20:30:00+01:00;26902.54236;26902.54236;0;0;0;0
2022-03-16T21:00:00+01:00;27212.19278;27212.19278;0;0;0;0
2022-03-16T21:30:00+01:00;28471.19286;28471.19286;0;0;0;0
2022-03-16T22:00:00+01:00;27716.78063;27716.78063;0;0;0;0
2022-03-16T22:30:00+01:00;28149.99806;28149.99806;0;0;0;0
2022-03-16T23:00:00+01:00;29092.10524;29092.10524;0;0;0;0
2022-03-16T23:30:00+01:00;27490.33005;27490.33005;0;0;0;0
2022-03-17T00:00:00+01:00;28183.37821;28183.37821;0;0;0;0
2022-03-17T00:30:00+01:00;28182.41206;28182.41206;0;0;0;0
2022-03-17T01:00:00+01:00;58016.52155;58016.52155;0;0;28483.23439;0
2022-03-17T01:30:00+01:00;60970.75484;60970.75484;0;0;32165.13411;0
2022-03-17T02:00:00+01:00;61000.97484;61000.97484;0;0;32046.75531;0
2022-03-17T02:30:00+01:00;56485.11215;56485.11215;0;0;27964.62838;0
2022-03-17T03:00:00+01:00;31029.87635;31029.87635;0;0;1647.856887;2.15943
2022-03-17T03:30:00+01:00;27971.75298;27971.75298;0;0;0;0
2022-03-17T04:00:00+01:00;28036.62575;28036.62575;0;0;0;0
2022-03-17T04:30:00+01:00;29943.59095;29943.59095;0;0;0;0
2022-03-17T05:00:00+01:00;28545.98234;28545.98234;0;0;0;0
2022-03-17T05:30:00+01:00;29016.66445;29016.66445;0;0;0;0
2022-03-17T06:00:00+01:00;29135.46583;29135.46583;0;0;0;0
2022-03-17T06:30:00+01:00;29083.44794;29075.30179;0;0;0;0
2022-03-17T07:00:00+01:00;32829.85039;32752.56202;0;77.28836783;0;0
2022-03-17T07:30:00+01:00;34368.03184;32133.83087;0;2233.091111;0;0
2022-03-17T08:00:00+01:00;37586.11127;29464.75683;0;8121.354444;0;0
2022-03-17T08:30:00+01:00;68687.83608;54206.39971;0;12993.73563;0;1656.050471
2022-03-17T09:00:00+01:00;69711.86738;52511.79817;0;17193.72;0;43.63969476
2022-03-17T09:30:00+01:00;69750.22377;49328.38821;0;20421.83556;0;0
2022-03-17T10:00:00+01:00;74247.68639;49637.60306;0;24596.28833;0;0
2022-03-17T10:30:00+01:00;72177.63234;45747.63107;0;26434.385;0;0
2022-03-17T11:00:00+01:00;94745.35998;65450.08255;0;27843.27414;0;1679.766677
2022-03-17T11:30:00+01:00;90690.18171;70693.97218;0;15262.23611;0;4580.987861
2022-03-17T12:00:00+01:00;92754.79556;73927.09802;0;13197.06778;0;5796.679206
2022-03-17T12:30:00+01:00;93883.38258;70961.27631;0;16704.77056;0;6647.660502
2022-03-17T13:00:00+01:00;86771.59556;56692.36746;0;29933.00944;0;59.68793417
2022-03-17T13:30:00+01:00;87176.57341;58630.6854;0;28095.90389;0;104.9037286
2022-03-17T14:00:00+01:00;82540.72738;56272.95447;0;26005.66034;0;214.1490624
2022-03-17T14:30:00+01:00;80466.48504;56102.43813;0;24350.91;0;6.423220635
2022-03-17T15:00:00+01:00;80069.66504;60057.80409;0;19160.17556;0;1120.423231
2022-03-17T15:30:00+01:00;78082.36345;68030.56099;0;9122.637778;0;1208.484191
2022-03-17T16:00:00+01:00;71615.12901;58223.98345;0;12870.03444;0;389.2476464
2022-03-17T16:30:00+01:00;62469.74985;53550.39135;0;8919.3585;0;11.5952806
2022-03-17T17:00:00+01:00;65920.21376;61857.38859;0;3965.704483;0;133.6852124
2022-03-17T17:30:00+01:00;60045.75511;58340.52972;0;1703.158722;0;12.92866532
2022-03-17T18:00:00+01:00;34194.08477;33457.33349;0;736.7512778;0;0
2022-03-17T18:30:00+01:00;27749.77085;27309.85952;0;433.10815;0;0
2022-03-17T19:00:00+01:00;27406.87502;27377.16484;0;29.71017983;0;0
2022-03-17T19:30:00+01:00;27898.00726;27898.00726;0;0;0;0
2022-03-17T20:00:00+01:00;27412.96831;27412.96831;0;0;0;0
2022-03-17T20:30:00+01:00;27251.96377;27251.62361;0;0;0;0
2022-03-17T21:00:00+01:00;26862.02794;26862.02794;0;0;0;0
2022-03-17T21:30:00+01:00;28845.83079;28845.83079;0;0;0;0
2022-03-17T22:00:00+01:00;27307.97103;27307.97103;0;0;0;0
2022-03-17T22:30:00+01:00;27649.95909;27649.95909;0;0;0;0
2022-03-17T23:00:00+01:00;27622.22471;27622.22471;0;0;0;0
2022-03-17T23:30:00+01:00;28042.08583;28042.08583;0;0;0;0
2022-03-18T00:00:00+01:00;28181.33127;28181.33127;0;0;0;0
2022-03-18T00:30:00+01:00;27381.94171;27381.94171;0;0;0;0
2022-03-18T01:00:00+01:00;58374.86214;58374.86214;0;0;30202.93975;0
2022-03-18T01:30:00+01:00;31454.67849;31454.67849;0;0;3697.07657;1.28784
2022-03-18T02:00:00+01:00;28227.79807;28227.79807;0;0;0;0
2022-03-18T02:30:00+01:00;28079.16147;28079.16147;0;0;0;0
2022-03-18T03:00:00+01:00;27122.77028;27122.77028;0;0;0;0
2022-03-18T03:30:00+01:00;28278.9948;28278.9948;0;0;0;0
2022-03-18T04:00:00+01:00;28283.8779;28283.8779;0;0;0;0
2022-03-18T04:30:00+01:00;28384.71984;28384.71984;0;0;0;0
2022-03-18T05:00:00+01:00;27690.36831;27690.36831;0;0;0;0
2022-03-18T05:30:00+01:00;28220.97964;28219.82786;0;0;0;0
2022-03-18T06:00:00+01:00;29244.45611;29230.93968;0;0;0;0
2022-03-18T06:30:00+01:00;27641.54829;27641.54829;0;0;0;0
2022-03-18T07:00:00+01:00;31116.85696;31094.22429;0;22.63267333;0;0
2022-03-18T07:30:00+01:00;34337.37869;33830.79028;0;506.5884111;0;0
2022-03-18T08:00:00+01:00;35263.25509;33544.2303;0;1719.024799;0;0
2022-03-18T08:30:00+01:00;40960.12321;37368.9181;0;3589.804278;0;2.887505
2022-03-18T09:00:00+01:00;76324.05508;69219.38571;0;6166.601111;0;954.7505257
2022-03-18T09:30:00+01:00;78556.99643;59115.49365;0;19168.68611;0;364.5010683
2022-03-18T10:00:00+01:00;81918.96405;57540.37127;0;24084.25944;0;239.4088433
2022-03-18T10:30:00+01:00;84649.47917;58466.44242;0;26178.12413;0;102.2220717
2022-03-18T11:00:00+01:00;90356.95915;62030.22188;0;26931.25862;0;1471.577105
2022-03-18T11:30:00+01:00;85882.73925;60073.60036;0;25819.65833;0;12.87361496
2022-03-18T12:00:00+01:00;85246.24675;55962.07298;0;29285.2771;0;14.72865246
2022-03-18T12:30:00+01:00;81067.45206;54160.90536;0;26885.1575;0;23.01660111
2022-03-18T13:00:00+01:00;76556.51734;54883.26111;0;21611.55345;0;97.76646306
2022-03-18T13:30:00+01:00;75804.21363;54996.24462;0;19787.68678;0;240.5745396
2022-03-18T14:00:00+01:00;76813.10929;60017.46817;0;15510.53079;0;1395.838126
2022-03-18T14:30:00+01:00;74946.01484;55094.22282;0;19573.27536;0;599.19232
2022-03-18T15:00:00+01:00;76394.71202;58930.4652;0;17372.73016;0;37.12927921
2022-03-18T15:30:00+01:00;80196.47607;63607.28341;0;16561.24266;0;28.2895631
2022-03-18T16:00:00+01:00;69931.40532;56461.42381;0;13469.98151;0;6.778602778
2022-03-18T16:30:00+01:00;65691.87984;55740.80189;0;9745.853818;0;237.0995579
2022-03-18T17:00:00+01:00;63725.58373;57869.15341;0;5856.430317;0;5.645387778
2022-03-18T17:30:00+01:00;58652.73987;56073.22484;0;2485.349944;0;107.3484581
2022-03-18T18:00:00+01:00;39168.47114;38186.77337;0;981.6977698;0;0
2022-03-18T18:30:00+01:00;31884.66697;31381.91222;0;502.75475;0;0
2022-03-18T19:00:00+01:00;29112.22215;29054.95435;0;57.26780011;0;0
2022-03-18T19:30:00+01:00;27835.82524;27835.82524;0;0;0;0
2022-03-18T20:00:00+01:00;27066.93615;27066.93615;0;0;0;0
2022-03-18T20:30:00+01:00;27792.46762;27792.46762;0;0;0;0
2022-03-18T21:00:00+01:00;27973.40988;27973.40988;0;0;0;0
2022-03-18T21:30:00+01:00;28353.45175;28353.45175;0;0;0;0
2022-03-18T22:00:00+01:00;27038.85681;27038.85681;0;0;0;0
2022-03-18T22:30:00+01:00;28412.38944;28409.32861;0;0;0;0
2022-03-18T23:00:00+01:00;28395.6829;28395.6829;0;0;0;0
2022-03-18T23:30:00+01:00;26855.32361;26855.32361;0;0;0;0
2022-03-19T00:00:00+01:00;28323.61627;28323.61627;0;0;0;0
2022-03-19T00:30:00+01:00;27989.09561;27985.53608;0;0;0;0
2022-03-19T01:00:00+01:00;null;null;null;null;null;null
2022-03-19T01:30:00+01:00;null;null;null;null;null;null
2022-03-19T02:00:00+01:00;null;null;null;null;null;null
2022-03-19T02:30:00+01:00;null;null;null;null;null;null
2022-03-19T03:00:00+01:00;29932.47178;29932.47178;0;0;0;0
2022-03-19T03:30:00+01:00;27860.03206;27859.14956;0;0;0;0
2022-03-19T04:00:00+01:00;29029.64273;29029.64273;0;0;0;0
2022-03-19T04:30:00+01:00;28185.00107;28185.00107;0;0;0;0
2022-03-19T05:00:00+01:00;28297.06298;28297.06298;0;0;0;0
2022-03-19T05:30:00+01:00;28132.80377;28132.80377;0;0;0;0
2022-03-19T06:00:00+01:00;29473.95345;29473.95345;0;0;0;0
2022-03-19T06:30:00+01:00;27582.25353;27582.25353;0;0;0;0
2022-03-19T07:00:00+01:00;30617.59105;30617.59105;0;0;0;0
2022-03-19T07:30:00+01:00;28310.32841;28310.32841;0;0;0;0
2022-03-19T08:00:00+01:00;22893.65837;22893.65837;0;0;0;0
2022-03-19T08:30:00+01:00;32599.3094;32599.3094;0;0;0;0
2022-03-19T09:00:00+01:00;53380.61016;53356.21016;0;0;0;149.2514212
2022-03-19T09:30:00+01:00;50049.64734;49998.1394;0;0;0;24.74987143
2022-03-19T10:00:00+01:00;67464.65185;66621.08699;0;0;0;942.4930009
2022-03-19T10:30:00+01:00;61246.99397;61245.46937;0;0;0;397.7366611
2022-03-19T11:00:00+01:00;53188.6521;53188.6521;0;0;0;5.83229619
2022-03-19T11:30:00+01:00;72212.58738;55589.46175;0;16583.85103;0;36.31770825
2022-03-19T12:00:00+01:00;78028.83016;55260.02671;0;22768.80345;0;2.944865
2022-03-19T12:30:00+01:00;75429.14885;57124.03966;0;18305.1092;0;0
2022-03-19T13:00:00+01:00;88299.85786;58872.90127;0;29056.72083;0;565.0409368
2022-03-19T13:30:00+01:00;76568.31555;58089.58405;0;18458.90694;0;97.16316619
2022-03-19T14:00:00+01:00;84807.39766;58784.27484;0;25713.60615;0;251.3315752
2022-03-19T14:30:00+01:00;87491.46103;63377.50246;0;23605.1054;0;550.741081
2022-03-19T15:00:00+01:00;80041.48329;61879.4551;0;17836.25013;0;390.706531
2022-03-19T15:30:00+01:00;81362.97429;63274.23948;0;17609.38242;0;522.2786392
2022-03-19T16:00:00+01:00;74592.3704;60313.6269;0;14100.13794;0;162.6391915
2022-03-19T16:30:00+01:00;73341.82056;61792.92476;0;10150.01722;0;1059.655255
2022-03-19T17:00:00+01:00;66534.41913;60227.85468;0;6123.947778;0;290.0699298
2022-03-19T17:30:00+01:00;63368.5726;60716.73321;0;2597.522722;0;50.8173031
2022-03-19T18:00:00+01:00;54666.13664;51414.4172;0;722.1622989;0;11.63709655
2022-03-19T18:30:00+01:00;30890.7863;30475.74321;0;415.0430833;0;0
2022-03-19T19:00:00+01:00;28096.77087;28052.09413;0;44.67674365;0;0
2022-03-19T19:30:00+01:00;27379.04734;27379.04734;0;0;0;0
2022-03-19T20:00:00+01:00;27599.37258;27599.37258;0;0;0;0
2022-03-19T20:30:00+01:00;28310.24918;28310.24918;0;0;0;0
2022-03-19T21:00:00+01:00;27841.65044;27841.65044;0;0;0;0
2022-03-19T21:30:00+01:00;26799.98413;26799.98413;0;0;0;0
2022-03-19T22:00:00+01:00;28405.01956;28405.01956;0;0;0;0
2022-03-19T22:30:00+01:00;28270.6354;28270.6354;0;0;0;0
2022-03-19T23:00:00+01:00;27650.93046;27567.6874;0;0;0;0
2022-03-19T23:30:00+01:00;27265.71083;27265.71083;0;0;0;0
2022-03-20T00:00:00+01:00;28905.29044;28905.29044;0;0;0;0
2022-03-20T00:30:00+01:00;27997.96071;27981.47238;0;0;0;0
2022-03-20T01:00:00+01:00;37943.12579;37943.12579;0;0;10243.52692;0
2022-03-20T01:30:00+01:00;29356.24552;29356.24552;0;0;222.2683211;3.37687619
2022-03-20T02:00:00+01:00;27082.8259;27082.8259;0;0;0;0
2022-03-20T02:30:00+01:00;28561.45595;28561.45595;0;0;0;0
2022-03-20T03:00:00+01:00;27695.42583;27692.68187;0;0;0;0
2022-03-20T03:30:00+01:00;28849.90698;28849.90698;0;0;0;0
2022-03-20T04:00:00+01:00;27916.82964;27916.82964;0;0;0;0
2022-03-20T04:30:00+01:00;28889.73079;28889.73079;0;0;0;0
2022-03-20T05:00:00+01:00;29938.29869;29938.29869;0;0;0;0
2022-03-20T05:30:00+01:00;27928.43496;27928.43496;0;0;0;0
2022-03-20T06:00:00+01:00;28831.78647;28831.78647;0;0;0;0
2022-03-20T06:30:00+01:00;28533.88254;28533.88254;0;0;0;0
2022-03-20T07:00:00+01:00;30443.81435;30102.11595;0;347.2317311;0;0
2022-03-20T07:30:00+01:00;30160.70126;26418.04097;0;3745.225805;0;0
2022-03-20T08:00:00+01:00;29450.59857;21334.8948;0;8115.70377;0;0
2022-03-20T08:30:00+01:00;19169.75702;17825.02659;0;1341.3;0;0
2022-03-20T09:00:00+01:00;35945.75063;28856.28869;0;7089.461944;0;0
2022-03-20T09:30:00+01:00;65119.49242;42964.22313;0;22155.26929;0;0
2022-03-20T10:00:00+01:00;72334.79799;47560.80575;0;24773.99224;0;5.120841379
2022-03-20T10:30:00+01:00;66431.73171;40257.31643;0;26174.41528;0;0
2022-03-20T11:00:00+01:00;77090.11401;48589.2279;0;28500.75278;0;10.48231079
2022-03-20T11:30:00+01:00;78363.45651;50440.48746;0;27922.96905;0;0.940848333
2022-03-20T12:00:00+01:00;79920.54111;54844.98333;0;25075.55778;0;11.94889798
2022-03-20T12:30:00+01:00;81895.58147;54796.76313;0;27098.81833;0;15.02250778
2022-03-20T13:00:00+01:00;77189.11186;57291.25829;0;19551.82155;0;446.1373109
2022-03-20T13:30:00+01:00;78993.23246;62515.24885;0;16258.05111;0;545.4264256
2022-03-20T14:00:00+01:00;83988.90738;60723.84262;0;23203.92429;0;109.3931017
2022-03-20T14:30:00+01:00;81263.57524;58903.46683;0;21581.50659;0;869.1637656
2022-03-20T15:00:00+01:00;76349.54873;56756.74984;0;19592.79889;0;11.40201611
2022-03-20T15:30:00+01:00;77977.09154;60086.08924;0;17773.47644;0;185.6946846
2022-03-20T16:00:00+01:00;69455.16762;56693.32179;0;12347.42917;0;438.5241476
2022-03-20T16:30:00+01:00;67958.516;60765.98647;0;7001.631913;0;226.6189375
2022-03-20T17:00:00+01:00;64403.85492;58238.25159;0;6165.268333;0;13.15790627
2022-03-20T17:30:00+01:00;59143.85875;56216.01262;0;2927.846127;0;0
2022-03-20T18:00:00+01:00;38967.12978;38164.51508;0;805.7783095;0;0
2022-03-20T18:30:00+01:00;29486.22098;29479.30201;0;0;0;0
2022-03-20T19:00:00+01:00;29509.87591;29509.87591;0;0;0;0
2022-03-20T19:30:00+01:00;29358.96655;29358.96655;0;0;0;0
2022-03-20T20:00:00+01:00;29198.97794;29198.97794;0;0;0;0
2022-03-20T20:30:00+01:00;28785.85012;28785.85012;0;0;0;0
2022-03-20T21:00:00+01:00;30119.43631;30119.43631;0;0;0;0
2022-03-20T21:30:00+01:00;28755.972;28755.972;0;0;0;0
2022-03-20T22:00:00+01:00;30002.28147;30002.28147;0;0;0;0
2022-03-20T22:30:00+01:00;29715.93869;29715.93869;0;0;0;0
2022-03-20T23:00:00+01:00;29445.13714;29445.13714;0;0;0;0
2022-03-20T23:30:00+01:00;28973.46282;28973.46282;0;0;0;0
2022-03-21T00:00:00+01:00;28834.83806;28834.83806;0;0;0;0
2022-03-21T00:30:00+01:00;28806.33678;28806.33678;0;0;0;0
2022-03-21T01:00:00+01:00;37719.75131;37719.75131;0;0;7248.444887;0
2022-03-21T01:30:00+01:00;29658.33837;29658.33837;0;0;696.1050831;2.887301587
2022-03-21T02:00:00+01:00;29834.66988;29834.66988;0;0;0;0
2022-03-21T02:30:00+01:00;28858.3652;28858.3652;0;0;0;0
2022-03-21T03:00:00+01:00;29341.68067;29341.68067;0;0;0;0
2022-03-21T03:30:00+01:00;28919.24573;28919.24573;0;0;0;0
2022-03-21T04:00:00+01:00;28996.02329;28996.02329;0;0;0;0
2022-03-21T04:30:00+01:00;29656.12798;29656.12798;0;0;0;0
2022-03-21T05:00:00+01:00;30136.01734;30136.01734;0;0;0;0
2022-03-21T05:30:00+01:00;29422.28587;29416.42337;0;0;0;0
2022-03-21T06:00:00+01:00;29603.19951;29603.19951;0;0;0;0
2022-03-21T06:30:00+01:00;29364.7981;29364.7981;0;0;0;0
2022-03-21T07:00:00+01:00;31734.59677;31506.43833;0;231.0890344;0;0
2022-03-21T07:30:00+01:00;30895.01686;29923.29619;0;971.7206667;0;0
2022-03-21T08:00:00+01:00;32985.22767;31067.90206;0;1917.325611;0;0
2022-03-21T08:30:00+01:00;52672.42102;50702.01619;0;1963.014833;0;2.761286667
2022-03-21T09:00:00+01:00;89675.4468;74200.89819;0;3343.288025;0;12453.48606
2022-03-21T09:30:00+01:00;95068.17349;75506.14762;0;4511.551667;0;15312.45802
2022-03-21T10:00:00+01:00;86318.03575;74042.73147;0;5769.937222;0;6970.990885
2022-03-21T10:30:00+01:00;93441.73071;74675.13524;0;6538.227222;0;12998.1606
2022-03-21T11:00:00+01:00;89698.09123;74771.10484;0;6461.344722;0;9537.309819
2022-03-21T11:30:00+01:00;90773.9835;75742.5509;0;9314.278161;0;6239.791531
2022-03-21T12:00:00+01:00;91240.07278;73861.92079;0;10732.98611;0;6499.638091
2022-03-21T12:30:00+01:00;77667.65163;64821.03579;0;11443.26028;0;1560.829419
2022-03-21T13:00:00+01:00;83059.93611;68473.04433;0;13030.10845;0;1578.957147
2022-03-21T13:30:00+01:00;81894.43389;66740.70782;0;14317.57806;0;1009.593674
2022-03-21T14:00:00+01:00;80728.65913;65612.33341;0;13958.01222;0;949.7092506
2022-03-21T14:30:00+01:00;82558.53744;64130.89031;0;18101.64713;0;393.2700143
2022-03-21T15:00:00+01:00;82909.94698;66981.41349;0;12479.57;0;3496.550184
2022-03-21T15:30:00+01:00;77190.50925;64143.81639;0;12011.68667;0;969.372821
2022-03-21T16:00:00+01:00;69980.44921;61513.51952;0;8450.618016;0;73.73983119
2022-03-21T16:30:00+01:00;67478.84163;58961.12512;0;8516.573651;0;17.31561627
2022-03-21T17:00:00+01:00;68246.53678;61227.01724;0;6986.364368;0;226.0356907
2022-03-21T17:30:00+01:00;63911.3526;60361.95794;0;3495.494667;0;48.37374167
2022-03-21T18:00:00+01:00;37621.96526;36191.17337;0;1430.704222;0;0
2022-03-21T18:30:00+01:00;30362.28995;30046.9148;0;315.3751444;0;0
2022-03-21T19:00:00+01:00;30061.42837;30043.47575;0;17.95261711;0;0
2022-03-21T19:30:00+01:00;28909.97504;28909.97504;0;0;0;0
2022-03-21T20:00:00+01:00;28720.10903;28720.10903;0;0;0;0
2022-03-21T20:30:00+01:00;28780.58536;28780.58536;0;0;0;0
2022-03-21T21:00:00+01:00;28686.06028;28686.06028;0;0;0;0
2022-03-21T21:30:00+01:00;29185.31341;29185.31341;0;0;0;0
2022-03-21T22:00:00+01:00;29815.84167;29791.11262;0;0;0;0
2022-03-21T22:30:00+01:00;29131.83024;29131.83024;0;0;0;0
2022-03-21T23:00:00+01:00;29713.61227;29713.61227;0;0;0;0
2022-03-21T23:30:00+01:00;29941.23921;29941.23921;0;0;0;0
2022-03-22T00:00:00+01:00;29426.07298;29418.11917;0;0;0;0
2022-03-22T00:30:00+01:00;29170.27683;29170.27683;0;0;0;0
2022-03-22T01:00:00+01:00;56724.55548;56724.55548;0;0;26308.67713;0
2022-03-22T01:30:00+01:00;61308.11147;61308.11147;0;0;31264.0314;0
2022-03-22T02:00:00+01:00;59093.93621;59093.93621;0;0;28313.58742;0
2022-03-22T02:30:00+01:00;34021.11992;34021.11992;0;0;3621.975166;2.60875
2022-03-22T03:00:00+01:00;29077.04246;29077.04246;0;0;0;0
2022-03-22T03:30:00+01:00;30186.4727;30186.4727;0;0;0;0
2022-03-22T04:00:00+01:00;29445.83607;29445.83607;0;0;0;0
2022-03-22T04:30:00+01:00;29976.02135;29976.02135;0;0;0;0
2022-03-22T05:00:00+01:00;29576.31687;29576.31687;0;0;0;0
2022-03-22T05:30:00+01:00;30304.96151;30304.96151;0;0;0;0
2022-03-22T06:00:00+01:00;29618.63552;29618.63552;0;0;0;0
2022-03-22T06:30:00+01:00;30091.02413;30091.02413;0;0;0;0
2022-03-22T07:00:00+01:00;31882.44694;31882.44694;0;0;0;0
2022-03-22T07:30:00+01:00;29899.08321;29899.08321;0;0;0;0
2022-03-22T08:00:00+01:00;31971.47672;31971.47672;0;0;0;0
2022-03-22T08:30:00+01:00;37445.85254;37438.97421;0;0;0;0
2022-03-22T09:00:00+01:00;60740.96877;60674.18544;0;0;0;17.45098944
2022-03-22T09:30:00+01:00;47289.00381;47289.00381;0;0;0;0
2022-03-22T10:00:00+01:00;46446.03921;46446.03921;0;0;0;0
2022-03-22T10:30:00+01:00;55857.61583;55857.61583;0;0;0;15.59704849
2022-03-22T11:00:00+01:00;53339.29799;53339.24626;0;0;0;9.550025862
2022-03-22T11:30:00+01:00;57258.52524;56725.60857;0;0;0;558.3980723
2022-03-22T12:00:00+01:00;55926.27675;55864.09341;0;0;0;10.98899
2022-03-22T12:30:00+01:00;54076.57782;54076.57782;0;0;0;2.8994875
2022-03-22T13:00:00+01:00;55614.08155;55404.38472;0;0;0;226.1350393
2022-03-22T13:30:00+01:00;64399.81182;63651.50969;0;0;0;836.3805321
2022-03-22T14:00:00+01:00;56393.29429;56393.29429;0;0;0;12.38776083
2022-03-22T14:30:00+01:00;54811.50722;54811.50722;0;0;0;6.497660952
2022-03-22T15:00:00+01:00;62339.23206;61470.41857;0;0;0;794.7129517
2022-03-22T15:30:00+01:00;58430.2154;58430.2154;0;0;0;5.442071667
2022-03-22T16:00:00+01:00;55949.65242;55949.65242;0;0;0;3.0608
2022-03-22T16:30:00+01:00;53775.50727;53746.39179;0;0;0;26.782
2022-03-22T17:00:00+01:00;57510.34484;57509.79405;0;0;0;9.125155159
2022-03-22T17:30:00+01:00;48219.87119;48219.87119;0;0;0;0
2022-03-22T18:00:00+01:00;32200.56548;32200.56548;0;0;0;0
2022-03-22T18:30:00+01:00;27785.50984;27785.50984;0;0;0;0
2022-03-22T19:00:00+01:00;27872.37127;27872.37127;0;0;0;0
2022-03-22T19:30:00+01:00;28157.73021;28157.73021;0;0;0;0
2022-03-22T20:00:00+01:00;27988.05496;27988.05496;0;0;0;0
2022-03-22T20:30:00+01:00;27942.30972;27942.30972;0;0;0;0
2022-03-22T21:00:00+01:00;28183.48369;28183.48369;0;0;0;0
2022-03-22T21:30:00+01:00;28124.97147;28124.97147;0;0;0;0
2022-03-22T22:00:00+01:00;29123.41548;29123.41548;0;0;0;0
2022-03-22T22:30:00+01:00;28448.15948;28448.15948;0;0;0;0
2022-03-22T23:00:00+01:00;29191.76782;29187.71917;0;0;0;0
2022-03-22T23:30:00+01:00;28295.98992;28295.98992;0;0;0;0
2022-03-23T00:00:00+01:00;28583.25579;28583.25579;0;0;0;0
2022-03-23T00:30:00+01:00;28149.69925;28149.69925;0;0;0;0
2022-03-23T01:00:00+01:00;35899.73393;35899.73393;0;0;7043.173772;0
2022-03-23T01:30:00+01:00;29201.52755;29201.52755;0;0;56.86843621;3.613875862
2022-03-23T02:00:00+01:00;28147.31056;28147.31056;0;0;0;0
2022-03-23T02:30:00+01:00;28851.97889;28851.97889;0;0;0;0
2022-03-23T03:00:00+01:00;28554.56218;28554.32885;0;0;0;0
2022-03-23T03:30:00+01:00;29100.10131;29100.10131;0;0;0;0
2022-03-23T04:00:00+01:00;29193.42028;29193.42028;0;0;0;0
2022-03-23T04:30:00+01:00;28574.84179;28574.84179;0;0;0;0
2022-03-23T05:00:00+01:00;30176.21274;30176.21274;0;0;0;0
2022-03-23T05:30:00+01:00;29280.2856;29280.2856;0;0;0;0
2022-03-23T06:00:00+01:00;29787.05147;29787.05147;0;0;0;0
2022-03-23T06:30:00+01:00;28822.38775;28820.98786;0;1.399893333;0;0
2022-03-23T07:00:00+01:00;32297.75175;31604.74216;0;693.0095862;0;0
2022-03-23T07:30:00+01:00;30750.20055;27129.22349;0;3620.977056;0;0
2022-03-23T08:00:00+01:00;31396.29762;23678.05651;0;7718.241111;0;0
2022-03-23T08:30:00+01:00;39982.73091;27940.8598;0;12041.87111;0;0
2022-03-23T09:00:00+01:00;69235.44798;53216.84187;0;15986.78944;0;15.2606073
2022-03-23T09:30:00+01:00;59743.6171;40240.66377;0;19502.95333;0;0
2022-03-23T10:00:00+01:00;81581.29897;58886.59356;0;21983.52069;0;731.7465879
2022-03-23T10:30:00+01:00;78886.94643;55036.02365;0;23646.18944;0;182.6791062
2022-03-23T11:00:00+01:00;80484.75873;54914.79635;0;25544.56056;0;16.63999
2022-03-23T11:30:00+01:00;83802.95861;56907.56488;0;26794.91754;0;101.9626353
2022-03-23T12:00:00+01:00;80214.80738;53082.0248;0;27123.31833;0;3.385093333
2022-03-23T12:30:00+01:00;79889.91794;52962.14016;0;26927.77778;0;2.019680952
2022-03-23T13:00:00+01:00;83551.44039;57093.73867;0;26440.09828;0;96.83232254
2022-03-23T13:30:00+01:00;80383.50647;55038.04742;0;25325.31556;0;1.213015873
2022-03-23T14:00:00+01:00;81811.7227;57763.66496;0;23390.17611;0;532.6309639
2022-03-23T14:30:00+01:00;80362.96123;58994.67623;0;21216.56833;0;137.5848486
2022-03-23T15:00:00+01:00;79548.77131;59916.08933;0;19013.77444;0;813.1925404
2022-03-23T15:30:00+01:00;73797.61746;57276.64052;0;16181.19361;0;309.554395
2022-03-23T16:00:00+01:00;70932.36683;57753.27808;0;13077.28448;0;114.8513106
2022-03-23T16:30:00+01:00;64369.75397;54467.10341;0;9824.017222;0;88.72095167
2022-03-23T17:00:00+01:00;64682.31218;59666.42552;0;4745.053333;0;316.5677041
2022-03-23T17:30:00+01:00;59961.20275;56543.24829;0;3440.9585;0;3.007553333
2022-03-23T18:00:00+01:00;36676.60895;34783.87512;0;1892.733833;0;0
2022-03-23T18:30:00+01:00;30952.76966;30126.64782;0;826.1218391;0;0
2022-03-23T19:00:00+01:00;30700.76354;30591.29571;0;109.4678242;0;0
2022-03-23T19:30:00+01:00;30522.35893;30514.87226;0;0;0;0
2022-03-23T20:00:00+01:00;30478.76246;30478.76246;0;0;0;0
2022-03-23T20:30:00+01:00;30714.56687;30714.56687;0;0;0;0
2022-03-23T21:00:00+01:00;30127.91643;30127.91643;0;0;0;0
2022-03-23T21:30:00+01:00;30875.13034;30875.13034;0;0;0;0
2022-03-23T22:00:00+01:00;31638.13206;31638.13206;0;0;0;0
2022-03-23T22:30:00+01:00;31368.45;31368.3775;0;0;0;0
2022-03-23T23:00:00+01:00;30853.76385;30853.76385;0;0;0;0
2022-03-23T23:30:00+01:00;31036.86754;31036.86754;0;0;0;0
2022-03-24T00:00:00+01:00;31055.58341;31055.58341;0;0;0;0
2022-03-24T00:30:00+01:00;30606.26502;30605.49614;0;0;0;0
2022-03-24T01:00:00+01:00;39383.40901;39383.40901;0;0;8375.928969;0
2022-03-24T01:30:00+01:00;31077.84258;31077.84258;0;0;392.7804671;3.536738333
2022-03-24T02:00:00+01:00;31573.59008;31573.59008;0;0;0;0
2022-03-24T02:30:00+01:00;31571.17381;31571.17381;0;0;0;0
2022-03-24T03:00:00+01:00;30785.90901;30785.90901;0;0;0;0
2022-03-24T03:30:00+01:00;31225.27738;31225.27738;0;0;0;0
2022-03-24T04:00:00+01:00;32365.60389;32365.60389;0;0;0;0
2022-03-24T04:30:00+01:00;31452.65409;31452.65409;0;0;0;0
2022-03-24T05:00:00+01:00;31542.53317;31542.53317;0;0;0;0
2022-03-24T05:30:00+01:00;32432.58659;32432.58659;0;0;0;0
2022-03-24T06:00:00+01:00;31638.66166;31638.66166;0;0;0;0
2022-03-24T06:30:00+01:00;32534.16897;32534.16897;0;0;0;0
2022-03-24T07:00:00+01:00;33701.8623;33701.8623;0;0;0;0
2022-03-24T07:30:00+01:00;29740.37694;29740.37694;0;0;0;0
2022-03-24T08:00:00+01:00;27761.71496;27761.71496;0;0;0;0
2022-03-24T08:30:00+01:00;26652.93742;26652.93742;0;0;0;0
2022-03-24T09:00:00+01:00;59832.91605;56784.664;0;0;0;2789.815563
2022-03-24T09:30:00+01:00;47619.0902;47619.0902;0;0;0;0
2022-03-24T10:00:00+01:00;53372.74183;51875.44183;0;1497.3;0;6.230266667
2022-03-24T10:30:00+01:00;66300.69083;53951.82821;0;12324.31667;0;11.13637
2022-03-24T11:00:00+01:00;79301.72861;60097.86869;0;19003.08492;0;270.9351581
2022-03-24T11:30:00+01:00;78983.84933;55713.84575;0;23269.8869;0;3.373950556
2022-03-24T12:00:00+01:00;76582.50956;55248.49462;0;21296.13563;0;234.1918744
2022-03-24T12:30:00+01:00;72200.82865;56802.5877;0;15216.10444;0;385.3942104
2022-03-24T13:00:00+01:00;62474.17825;54556.70706;0;7917.47119;0;4.804865
2022-03-24T13:30:00+01:00;68753.44643;66482.12381;0;0;0;2261.467954
2022-03-24T14:00:00+01:00;74528.71516;70689.09929;0;0;0;4330.522845
2022-03-24T14:30:00+01:00;68879.83036;67185.24464;0;0;0;1983.094219
2022-03-24T15:00:00+01:00;60231.46162;59374.592;0;0;0;733.9205689
2022-03-24T15:30:00+01:00;63219.22397;60831.51405;0;2039.852778;0;286.566284
2022-03-24T16:00:00+01:00;63638.39163;61663.21127;0;1822.579167;0;196.6627879
2022-03-24T16:30:00+01:00;61191.77563;59874.35897;0;1317.416667;0;6.018339444
2022-03-24T17:00:00+01:00;56184.02508;54736.47897;0;1447.546111;0;4.259056667
2022-03-24T17:30:00+01:00;54384.55029;54051.71318;0;300.1655172;0;20.88167471
2022-03-24T18:00:00+01:00;32283.77496;32283.77496;0;0;0;0
2022-03-24T18:30:00+01:00;29514.08833;29513.53833;0;0;0;0
2022-03-24T19:00:00+01:00;29756.42306;29756.42306;0;0;0;0
2022-03-24T19:30:00+01:00;30420.80131;30420.80131;0;0;0;0
2022-03-24T20:00:00+01:00;29662.49357;29662.49357;0;0;0;0
2022-03-24T20:30:00+01:00;29986.69906;29986.69906;0;0;0;0
2022-03-24T21:00:00+01:00;29931.80431;29931.80431;0;0;0;0
2022-03-24T21:30:00+01:00;30070.4119;30070.4119;0;0;0;0
2022-03-24T22:00:00+01:00;30279.50282;30279.50282;0;0;0;0
2022-03-24T22:30:00+01:00;30766.05901;30766.05901;0;0;0;0
2022-03-24T23:00:00+01:00;30498.44917;30498.44917;0;0;0;0
2022-03-24T23:30:00+01:00;30636.57389;30636.57389;0;0;0;0
2022-03-25T00:00:00+01:00;30704.36408;30704.36408;0;0;0;0
2022-03-25T00:30:00+01:00;30853.01623;30852.85536;0;0;0;0
2022-03-25T01:00:00+01:00;50928.86722;50928.86722;0;0;19511.50866;0
2022-03-25T01:30:00+01:00;31281.40972;31281.40972;0;0;736.8689468;1.829492063
2022-03-25T02:00:00+01:00;30498.15988;30498.15988;0;0;0;0
2022-03-25T02:30:00+01:00;30888.09327;30888.09327;0;0;0;0
2022-03-25T03:00:00+01:00;30746.47492;30744.31281;0;0;0;0
2022-03-25T03:30:00+01:00;31140.49841;31140.49841;0;0;0;0
2022-03-25T04:00:00+01:00;31056.3723;31056.3723;0;0;0;0
2022-03-25T04:30:00+01:00;30884.61575;30884.61575;0;0;0;0
2022-03-25T05:00:00+01:00;31256.44603;31256.44603;0;0;0;0
2022-03-25T05:30:00+01:00;31267.09988;31267.09988;0;0;0;0
2022-03-25T06:00:00+01:00;31308.47689;31308.47689;0;0;0;0
2022-03-25T06:30:00+01:00;31322.49694;31322.49694;0;0;0;0
2022-03-25T07:00:00+01:00;33468.01349;33468.01349;0;0;0;0
2022-03-25T07:30:00+01:00;29972.61758;29972.61758;0;0;0;0
2022-03-25T08:00:00+01:00;31269.40437;31269.40437;0;0;0;0
2022-03-25T08:30:00+01:00;33465.16281;33465.16281;0;0;0;0
2022-03-25T09:00:00+01:00;57306.22188;57293.6874;0;0;0;18.92767488
2022-03-25T09:30:00+01:00;49797.71968;49795.66968;0;0;0;7.448405952
2022-03-25T10:00:00+01:00;71599.70984;66831.01063;0;0;0;5161.248801
2022-03-25T10:30:00+01:00;62853.55575;62692.65099;0;0;0;273.0708475
2022-03-25T11:00:00+01:00;74299.32056;61124.75151;0;12786.27222;0;457.1276208
2022-03-25T11:30:00+01:00;64287.18732;60918.42869;0;2471.034483;0;761.1699603
2022-03-25T12:00:00+01:00;59018.65845;58906.30845;0;0;0;51.08384786
2022-03-25T12:30:00+01:00;59174.65492;57229.25492;0;1882.4;0;103.9975274
2022-03-25T13:00:00+01:00;74571.48508;63514.91214;0;10778.28722;0;202.3692185
2022-03-25T13:30:00+01:00;89834.40571;63240.30218;0;24926.92218;0;1682.529751
2022-03-25T14:00:00+01:00;94252.27065;66838.5553;0;24479.60534;0;2876.558452
2022-03-25T14:30:00+01:00;86782.12091;68238.96484;0;14557.19417;0;4245.955051
2022-03-25T15:00:00+01:00;85458.30841;69145.41754;0;13957.3623;0;2758.950797
2022-03-25T15:30:00+01:00;88304.76048;72954.59385;0;8169.517817;0;7967.545635
2022-03-25T16:00:00+01:00;78661.0944;70946.22052;0;5487.255238;0;2638.729504
2022-03-25T16:30:00+01:00;77336.32861;70585.61375;0;4129.7078;0;2973.122825
2022-03-25T17:00:00+01:00;70885.62298;69748.94837;0;0;0;1341.239312
2022-03-25T17:30:00+01:00;63266.79615;63070.87909;0;0;0;252.4358708
2022-03-25T18:00:00+01:00;47670.285;47670.285;0;0;0;0
2022-03-25T18:30:00+01:00;33504.22298;33504.22298;0;0;0;0
2022-03-25T19:00:00+01:00;29120.00774;29120.00774;0;0;0;0
2022-03-25T19:30:00+01:00;28303.54635;28303.54635;0;0;0;0
2022-03-25T20:00:00+01:00;27885.34948;27885.34948;0;0;0;0
2022-03-25T20:30:00+01:00;28581.26548;28565.87119;0;0;0;0
2022-03-25T21:00:00+01:00;28290.17921;28290.17921;0;0;0;0
2022-03-25T21:30:00+01:00;28601.07651;28601.07651;0;0;0;0
2022-03-25T22:00:00+01:00;28787.50341;28760.23004;0;0;0;0
2022-03-25T22:30:00+01:00;27656.11063;27656.11063;0;0;0;0
2022-03-25T23:00:00+01:00;27857.54619;27857.54619;0;0;0;0
2022-03-25T23:30:00+01:00;27815.72496;27815.72496;0;0;0;0
2022-03-26T00:00:00+01:00;28095.02583;28094.35563;0;0;0;0
2022-03-26T00:30:00+01:00;28078.75639;28078.75639;0;0;0;0
2022-03-26T01:00:00+01:00;60107.30517;60107.30517;0;0;30650.25449;0
2022-03-26T01:30:00+01:00;41753.25365;41753.25365;0;0;12651.96915;0
2022-03-26T02:00:00+01:00;28729.85448;28729.85448;0;0;218.8559762;3.14752
2022-03-26T02:30:00+01:00;28317.58099;28313.06849;0;0;0;0
2022-03-26T03:00:00+01:00;27972.11968;27972.11968;0;0;0;0
2022-03-26T03:30:00+01:00;28255.94317;28255.94317;0;0;0;0
2022-03-26T04:00:00+01:00;28534.83768;28534.83768;0;0;0;0
2022-03-26T04:30:00+01:00;28584.76655;28584.76655;0;0;0;0
2022-03-26T05:00:00+01:00;28667.1006;28667.1006;0;0;0;0
2022-03-26T05:30:00+01:00;28254.84956;28254.84956;0;0;0;0
2022-03-26T06:00:00+01:00;28953.5204;28953.5204;0;0;0;0
2022-03-26T06:30:00+01:00;29058.75386;29056.79639;0;1.957475556;0;0
2022-03-26T07:00:00+01:00;31418.09523;30695.61244;0;722.4827874;0;0
2022-03-26T07:30:00+01:00;32727.59071;30106.68337;0;2620.907333;0;0
2022-03-26T08:00:00+01:00;43880.68746;34969.94413;0;8910.743333;0;0
2022-03-26T08:30:00+01:00;61795.89266;47738.64726;0;14057.2454;0;0
2022-03-26T09:00:00+01:00;71705.55409;53599.53353;0;18106.02056;0;6.969210238
2022-03-26T09:30:00+01:00;87304.21708;65114.11063;0;21636.37759;0;328.2260859
2022-03-26T10:00:00+01:00;89016.81802;62557.07226;0;24640.61917;0;1844.916078
2022-03-26T10:30:00+01:00;88641.10571;62314.11544;0;26282.97361;0;11.96419333
2022-03-26T11:00:00+01:00;92217.12627;63132.35667;0;27741.99083;0;1653.281563
2022-03-26T11:30:00+01:00;89403.55817;60598.0721;0;28749.9225;0;299.8097401
2022-03-26T12:00:00+01:00;89686.05544;59711.53325;0;29086.59282;0;1086.563858
2022-03-26T12:30:00+01:00;83364.53621;59375.63461;0;23985.96236;0;74.33571486
2022-03-26T13:00:00+01:00;81050.66222;55462.37496;0;25481.1206;0;17.65010484
2022-03-26T13:30:00+01:00;82990.68437;64547.00091;0;17137.97639;0;1563.399285
2022-03-26T14:00:00+01:00;82477.54429;62908.19468;0;18272.69762;0;1317.633353
2022-03-26T14:30:00+01:00;89405.28925;67259.10274;0;20175.05083;0;1902.433191
2022-03-26T15:00:00+01:00;87052.11658;66112.83633;0;20237.98715;0;866.8316078
2022-03-26T15:30:00+01:00;84182.11218;69064.60829;0;14684.82056;0;549.1162558
2022-03-26T16:00:00+01:00;82769.09837;67914.15992;0;13063.00671;0;2224.432316
2022-03-26T16:30:00+01:00;83353.21579;71910.9069;0;9570.918413;0;2252.484895
2022-03-26T17:00:00+01:00;78110.01754;68528.63004;0;6404.822024;0;3212.261453
2022-03-26T17:30:00+01:00;67518.57871;63923.44606;0;3472.388805;0;93.01841392
2022-03-26T18:00:00+01:00;62889.82025;60765.11508;0;1823.955167;0;587.537227
2022-03-26T18:30:00+01:00;39586.3759;38598.89067;0;987.4852222;0;0
2022-03-26T19:00:00+01:00;30703.58934;30461.15552;0;233.3878316;0;0
2022-03-26T19:30:00+01:00;27912.03917;27912.03917;0;0;0;0
2022-03-26T20:00:00+01:00;27954.59278;27948.64709;0;0;0;0
2022-03-26T20:30:00+01:00;27552.09635;27552.09635;0;0;0;0
2022-03-26T21:00:00+01:00;27367.04139;27367.04139;0;0;0;0
2022-03-26T21:30:00+01:00;27628.25571;27628.25571;0;0;0;0
2022-03-26T22:00:00+01:00;28767.96591;28767.96591;0;0;0;0
2022-03-26T22:30:00+01:00;28883.91516;28883.91516;0;0;0;0
2022-03-26T23:00:00+01:00;28101.41301;28101.41301;0;0;0;0
2022-03-26T23:30:00+01:00;27789.6931;27789.6931;0;0;0;0
2022-03-27T00:00:00+01:00;27438.51373;27423.59036;0;0;0;0
2022-03-27T00:30:00+01:00;27614.1623;27614.1623;0;0;0;0
2022-03-27T01:00:00+01:00;57638.80774;57638.80774;0;0;29013.08054;0
2022-03-27T01:30:00+01:00;28746.57829;28746.57829;0;0;1366.826462;0
2022-03-27T03:00:00+02:00;28156.63128;28156.63128;0;0;304.6260786;1.255034483
2022-03-27T03:30:00+02:00;28727.10512;28727.10512;0;0;0;0
2022-03-27T04:00:00+02:00;28091.12;28091.12;0;0;0;0
2022-03-27T04:30:00+02:00;27894.12865;27894.12865;0;0;0;0
2022-03-27T05:00:00+02:00;28530.39337;28530.39337;0;0;0;0
2022-03-27T05:30:00+02:00;28114.04979;28114.04979;0;0;0;0
2022-03-27T06:00:00+02:00;27974.23155;27974.23155;0;0;0;0
2022-03-27T06:30:00+02:00;28165.90413;28165.90413;0;0;0;0
2022-03-27T07:00:00+02:00;29109.83337;29109.83337;0;0;0;0
2022-03-27T07:30:00+02:00;30245.39817;30245.39817;0;0;0;0
2022-03-27T08:00:00+02:00;32276.81421;32276.81421;0;0;0;0
2022-03-27T08:30:00+02:00;33357.62972;33357.62972;0;0;0;0
2022-03-27T09:00:00+02:00;33794.08591;33794.08591;0;0;0;0
2022-03-27T09:30:00+02:00;65511.99902;62657.1048;0;1327.430722;0;1380.654439
2022-03-27T10:00:00+02:00;79153.53194;73316.53742;0;1792.320317;0;4223.633233
2022-03-27T10:30:00+02:00;79342.93246;74400.65016;0;773.0416667;0;4368.836685
2022-03-27T11:00:00+02:00;107527.0546;76498.30131;0;1672.298276;0;30376.89626
2022-03-27T11:30:00+02:00;94097.40734;75751.65567;0;1537.572698;0;17441.38293
2022-03-27T12:00:00+02:00;103656.6183;76210.74488;0;0;0;28303.0167
2022-03-27T12:30:00+02:00;94871.84504;75260.87639;0;0;0;21173.50086
2022-03-27T13:00:00+02:00;94509.82548;74983.08198;0;2118.310159;0;17717.93552
2022-03-27T13:30:00+02:00;95179.5929;74170.08202;0;5266.948452;0;16646.97056
2022-03-27T14:00:00+02:00;89555.40185;74101.45037;0;5568.787685;0;10185.97033
2022-03-27T14:30:00+02:00;92118.74345;76454.66341;0;5184.74;0;10589.4955
2022-03-27T15:00:00+02:00;90050.71321;75134.48266;0;1558.880556;0;14027.71691
2022-03-27T15:30:00+02:00;88627.98393;73974.54056;0;8084.979881;878.9371211;7737.774529
2022-03-27T16:00:00+02:00;85272.93415;72781.42833;0;12988.57644;2718.371141;2263.02202
2022-03-27T16:30:00+02:00;74872.92488;69923.3146;0;7483.173611;9155.614245;1569.23765
2022-03-27T17:00:00+02:00;70899.87817;68330.38079;0;9274.269167;8678.147104;266.6806311
2022-03-27T17:30:00+02:00;56788.65313;54773.17714;0;1987.389048;0;2.87047619
2022-03-27T18:00:00+02:00;45478.49647;44542.88377;0;935.6126984;0;0.7534
2022-03-27T18:30:00+02:00;28931.57516;28413.85907;0;517.716092;0;0
2022-03-27T19:00:00+02:00;26691.08496;26691.08496;0;0;0;0
2022-03-27T19:30:00+02:00;25966.40119;25966.40119;0;0;0;0
2022-03-27T20:00:00+02:00;26944.51901;26944.51901;0;0;0;0
2022-03-27T20:30:00+02:00;28293.70325;28293.70325;0;0;0;0
2022-03-27T21:00:00+02:00;27265.42529;27265.42529;0;0;0;0
2022-03-27T21:30:00+02:00;26736.83397;26736.83397;0;0;0;0
2022-03-27T22:00:00+02:00;27082.82361;27082.82361;0;0;0;0
2022-03-27T22:30:00+02:00;27497.06972;27497.06972;0;0;0;0
2022-03-27T23:00:00+02:00;28091.09639;28082.72722;0;0;0;0
2022-03-27T23:30:00+02:00;27576.24337;27576.24337;0;0;0;0
2022-03-28T00:00:00+02:00;27511.28612;27511.28612;0;0;0;0
2022-03-28T00:30:00+02:00;27800.24063;27800.24063;0;0;0;0
2022-03-28T01:00:00+02:00;28037.69742;28006.81821;0;0;0;0
2022-03-28T01:30:00+02:00;27671.50333;27635.75575;0;0;0;0
2022-03-28T02:00:00+02:00;56668.68865;56666.95032;0;0;28065.86336;0
2022-03-28T02:30:00+02:00;60730.07373;60730.07373;0;0;32948.14522;0
2022-03-28T03:00:00+02:00;60787.07175;60787.07175;0;0;32840.68254;0
2022-03-28T03:30:00+02:00;60951.12929;60951.12929;0;0;32385.73216;0
2022-03-28T04:00:00+02:00;60160.52663;60160.52663;0;0;31645.78844;0
2022-03-28T04:30:00+02:00;44084.87135;44084.87135;0;0;15840.29212;3.492442857
2022-03-28T05:00:00+02:00;29209.75163;29209.75163;0;0;0;0
2022-03-28T05:30:00+02:00;28119.6743;28119.6743;0;0;0;0
2022-03-28T06:00:00+02:00;28016.11234;28016.11234;0;0;0;0
2022-03-28T06:30:00+02:00;28568.70298;28568.70298;0;0;0;0
2022-03-28T07:00:00+02:00;28467.35758;28467.35758;0;0;0;0
2022-03-28T07:30:00+02:00;31710.91466;31707.99921;0;2.915457667;0;0
2022-03-28T08:00:00+02:00;36983.84173;36130.5356;0;853.3061333;0;0
2022-03-28T08:30:00+02:00;35608.36088;33341.37323;0;2266.987644;0;0
2022-03-28T09:00:00+02:00;59970.09025;52900.05393;0;5617.626;0;1597.602619
2022-03-28T09:30:00+02:00;76849.32806;63752.77337;0;10830.365;0;2345.806558
2022-03-28T10:00:00+02:00;78239.19329;62602.45278;0;15197.16333;0;504.7408576
2022-03-28T10:30:00+02:00;74828.78734;56176.86234;0;18637.81389;0;51.50330333
2022-03-28T11:00:00+02:00;85913.78198;62035.53302;0;22095.82278;0;1719.511642
2022-03-28T11:30:00+02:00;84288.41412;60850.65493;0;23437.7592;0;7.038936207
2022-03-28T12:00:00+02:00;84958.38853;61184.33187;0;23156.69667;0;711.248726
2022-03-28T12:30:00+02:00;87558.6475;61680.85052;0;25475.83111;0;515.5941239
2022-03-28T13:00:00+02:00;83217.25762;56723.9604;0;25592.58056;0;883.0901073
2022-03-28T13:30:00+02:00;88318.59175;61408.11286;0;26473.02278;0;499.322795
2022-03-28T14:00:00+02:00;88575.25849;61835.89421;0;24219.42222;0;2520.264401
2022-03-28T14:30:00+02:00;86468.63296;64193.13075;0;21964.49483;0;183.0999002
2022-03-28T15:00:00+02:00;83430.39016;64827.37262;0;17538.76833;0;1298.214858
2022-03-28T15:30:00+02:00;76813.5031;58402.79639;0;18431.38056;0;14.44913365
2022-03-28T16:00:00+02:00;69832.01187;58986.11012;0;10741.45056;0;55.44971929
2022-03-28T16:30:00+02:00;64011.55341;54672.71563;0;9338.837778;0;2.94525
2022-03-28T17:00:00+02:00;68243.73863;60250.5874;0;7263.255747;0;785.7124968
2022-03-28T17:30:00+02:00;61373.93869;55645.27647;0;5728.662222;0;8.112819048
2022-03-28T18:00:00+02:00;38737.00069;36625.46044;0;2120.028278;0;0
2022-03-28T18:30:00+02:00;28523.03311;26722.40167;0;1800.631444;0;0
2022-03-28T19:00:00+02:00;28873.29984;26826.00123;0;2047.298611;0;0
2022-03-28T19:30:00+02:00;26622.98752;25728.69413;0;894.1973889;0;0
2022-03-28T20:00:00+02:00;26199.05573;25969.20197;0;229.8537623;0;0
2022-03-28T20:30:00+02:00;26584.61944;26584.61944;0;0;0;0
2022-03-28T21:00:00+02:00;26926.67218;26926.34635;0;0;0;0
2022-03-28T21:30:00+02:00;26435.11238;26435.11238;0;0;0;0
2022-03-28T22:00:00+02:00;26860.29365;26860.29365;0;0;0;0
2022-03-28T22:30:00+02:00;27287.23679;27287.23679;0;0;0;0
2022-03-28T23:00:00+02:00;26551.20468;26551.20468;0;0;0;0
2022-03-28T23:30:00+02:00;26163.12869;26163.12869;0;0;0;0
2022-03-29T00:00:00+02:00;26656.69845;26656.69845;0;0;0;0
2022-03-29T00:30:00+02:00;26293.7206;26293.7206;0;0;0;0
2022-03-29T01:00:00+02:00;26606.6829;26606.6829;0;0;0;0
2022-03-29T01:30:00+02:00;26962.75409;26962.75409;0;0;0;0
2022-03-29T02:00:00+02:00;50338.02644;50338.02644;0;0;21363.97288;0
2022-03-29T02:30:00+02:00;28712.09262;28712.09262;0;0;1025.005603;3.209669841
2022-03-29T03:00:00+02:00;26963.06405;26963.06405;0;0;0;0
2022-03-29T03:30:00+02:00;27233.6573;27233.6573;0;0;0;0
2022-03-29T04:00:00+02:00;26163.66647;26163.66647;0;0;0;0
2022-03-29T04:30:00+02:00;26574.83032;26574.83032;0;0;0;0
2022-03-29T05:00:00+02:00;26602.61806;26602.61806;0;0;0;0
2022-03-29T05:30:00+02:00;26684.69238;26684.69238;0;0;0;0
2022-03-29T06:00:00+02:00;26868.72095;26868.72095;0;0;0;0
2022-03-29T06:30:00+02:00;27913.8902;27913.8902;0;0;0;0
2022-03-29T07:00:00+02:00;26740.26254;26728.30075;0;0;0;0
2022-03-29T07:30:00+02:00;26947.14273;26947.14273;0;0;0;0
2022-03-29T08:00:00+02:00;33021.10484;33021.10484;0;0;0;0
2022-03-29T08:30:00+02:00;52591.02571;51854.54238;0;0;0;686.1571343
2022-03-29T09:00:00+02:00;51269.80821;51269.80821;0;0;0;0
2022-03-29T09:30:00+02:00;70338.29512;68476.6598;0;0;0;1872.836974
2022-03-29T10:00:00+02:00;72339.08861;69368.65131;0;0;0;2856.042024
2022-03-29T10:30:00+02:00;80136.25899;75171.41663;0;0;0;4877.267667
2022-03-29T11:00:00+02:00;81438.4477;75076.19254;0;0;0;7098.697018
2022-03-29T11:30:00+02:00;91531.70873;74888.28651;0;0;0;17146.86855
2022-03-29T12:00:00+02:00;86048.61143;75747.5019;0;0;0;11179.56375
2022-03-29T12:30:00+02:00;77955.42623;71626.57464;0;0;0;6392.018617
2022-03-29T13:00:00+02:00;83758.4346;74269.15246;0;0;0;10709.05711
2022-03-29T13:30:00+02:00;74728.09319;70123.34934;0;0;0;4925.038258
2022-03-29T14:00:00+02:00;74460.06421;69829.81262;0;0;0;4774.67885
2022-03-29T14:30:00+02:00;73682.88544;69775.38107;0;0;0;3827.607018
2022-03-29T15:00:00+02:00;70952.02742;69157.29567;0;0;0;2122.420717
2022-03-29T15:30:00+02:00;70062.7044;68206.88516;0;0;0;1768.698416
2022-03-29T16:00:00+02:00;61813.57755;61711.37065;0;0;0;127.1811207
2022-03-29T16:30:00+02:00;59393.84377;59392.39933;0;0;0;76.28124746
2022-03-29T17:00:00+02:00;59050.76389;59050.76389;0;0;0;0
2022-03-29T17:30:00+02:00;58900.66464;58360.41067;0;0;0;597.7973637
2022-03-29T18:00:00+02:00;33669.07266;33669.07266;0;0;0;0
2022-03-29T18:30:00+02:00;27773.09071;27773.09071;0;0;0;0
2022-03-29T19:00:00+02:00;28238.53498;28238.53498;0;0;0;0
2022-03-29T19:30:00+02:00;28069.22607;28069.22607;0;0;0;0
2022-03-29T20:00:00+02:00;27391.96464;27391.96464;0;0;0;0
2022-03-29T20:30:00+02:00;27802.9979;27802.9979;0;0;0;0
2022-03-29T21:00:00+02:00;27214.80306;27214.80306;0;0;0;0
2022-03-29T21:30:00+02:00;27253.21976;27253.21976;0;0;0;0
2022-03-29T22:00:00+02:00;27490.36728;27490.36728;0;0;0;0
2022-03-29T22:30:00+02:00;28140.46433;28140.46433;0;0;0;0
2022-03-29T23:00:00+02:00;27716.14667;27716.14667;0;0;0;0
2022-03-29T23:30:00+02:00;27354.41444;27354.41444;0;0;0;0
2022-03-30T00:00:00+02:00;27339.45821;27339.45821;0;0;0;0
2022-03-30T00:30:00+02:00;27321.64405;27321.64405;0;0;0;0
2022-03-30T01:00:00+02:00;26957.78075;26957.78075;0;0;0;0
2022-03-30T01:30:00+02:00;27113.20738;27110.81508;0;0;0;0
2022-03-30T02:00:00+02:00;58372.7725;58372.7725;0;0;30676.58332;0
2022-03-30T02:30:00+02:00;60789.49909;60789.49909;0;0;32505.64842;0
2022-03-30T03:00:00+02:00;55579.41893;55579.41893;0;0;27274.35125;0
2022-03-30T03:30:00+02:00;29093.52726;29093.52726;0;0;1810.268494;3.470501667
2022-03-30T04:00:00+02:00;27248.4431;27248.4431;0;0;0;0
2022-03-30T04:30:00+02:00;27130.49206;27130.49206;0;0;0;0
2022-03-30T05:00:00+02:00;27188.97929;27188.97929;0;0;0;0
2022-03-30T05:30:00+02:00;27690.18496;27690.18496;0;0;0;0
2022-03-30T06:00:00+02:00;27618.74317;27618.74317;0;0;0;0
2022-03-30T06:30:00+02:00;27411.63851;27411.63851;0;0;0;0
2022-03-30T07:00:00+02:00;28464.46242;28464.46242;0;0;0;0
2022-03-30T07:30:00+02:00;32196.09734;32196.09734;0;0;0;0
2022-03-30T08:00:00+02:00;36005.21327;35933.51631;0;71.69696167;0;0
2022-03-30T08:30:00+02:00;36441.22516;35930.76071;0;510.4644444;0;0
2022-03-30T09:00:00+02:00;70753.8124;68309.27663;0;1153.174667;0;1493.727068
2022-03-30T09:30:00+02:00;67968.46134;65377.19056;0;1816.938678;0;805.2759519
2022-03-30T10:00:00+02:00;78643.08001;73317.56571;0;3717.532944;0;1584.674319
2022-03-30T10:30:00+02:00;78999.73111;71748.56437;0;4084.262778;0;2724.760014
2022-03-30T11:00:00+02:00;85114.62048;73636.23;0;4720.480556;0;7533.043429
2022-03-30T11:30:00+02:00;97736.99468;75894.69365;0;5851.960556;0;16423.00827
2022-03-30T12:00:00+02:00;85284.70679;73168.41476;0;7950.604722;0;4546.647921
2022-03-30T12:30:00+02:00;83751.26548;71767.98354;0;7737.271264;0;4890.088004
2022-03-30T13:00:00+02:00;83908.72806;74783.78496;0;4821.814444;0;4465.659968
2022-03-30T13:30:00+02:00;81341.84349;71776.97123;0;7482.1175;0;2505.249176
2022-03-30T14:00:00+02:00;76797.83401;67657.48595;0;6318.509167;0;3094.691657
2022-03-30T14:30:00+02:00;78539.65881;68791.17079;0;7941.492778;0;1709.278573
2022-03-30T15:00:00+02:00;78788.51175;65152.97131;0;12028.46583;0;1590.708388
2022-03-30T15:30:00+02:00;74804.858;57569.17837;0;16821.62874;0;420.3733034
2022-03-30T16:00:00+02:00;77198.21256;66726.83727;0;9891.616667;0;590.2661181
2022-03-30T16:30:00+02:00;62723.39258;54617.43504;0;8114.345;0;6.237583095
2022-03-30T17:00:00+02:00;59427.61734;55017.33679;0;4410.280556;0;14.89942992
2022-03-30T17:30:00+02:00;61123.34358;58907.22619;0;2215.936;0;0
2022-03-30T18:00:00+02:00;47734.65502;45198.26445;0;2536.390575;0;0
2022-03-30T18:30:00+02:00;30011.87475;29053.8823;0;957.9924444;0;0
2022-03-30T19:00:00+02:00;29582.71547;29206.30829;0;382.43462;0;0
2022-03-30T19:30:00+02:00;30275.38982;30097.44452;0;177.9453011;0;0
2022-03-30T20:00:00+02:00;28682.75328;28678.94996;0;3.803324522;0;0
2022-03-30T20:30:00+02:00;28792.53167;28792.53167;0;0;0;0
2022-03-30T21:00:00+02:00;27939.30291;27939.30291;0;0;0;0
2022-03-30T21:30:00+02:00;27830.03452;27830.03452;0;0;0;0
2022-03-30T22:00:00+02:00;27869.62952;27869.62952;0;0;0;0
2022-03-30T22:30:00+02:00;29041.48282;29041.48282;0;0;0;0
2022-03-30T23:00:00+02:00;28587.31806;28587.31806;0;0;0;0
2022-03-30T23:30:00+02:00;28751.99885;28751.99885;0;0;0;0
2022-03-31T00:00:00+02:00;28156.04737;28156.04737;0;0;0;0
2022-03-31T00:30:00+02:00;28429.11774;28429.11774;0;0;0;0
2022-03-31T01:00:00+02:00;28752.31718;28752.31718;0;0;0;0
2022-03-31T01:30:00+02:00;28489.08496;28489.08496;0;0;0;0
2022-03-31T02:00:00+02:00;60025.66452;60025.66452;0;0;30920.79359;0
2022-03-31T02:30:00+02:00;59562.33;59562.33;0;0;30595.68916;0
2022-03-31T03:00:00+02:00;31846.33403;31846.33403;0;0;3173.852491;0
2022-03-31T03:30:00+02:00;28910.8204;28910.8204;0;0;53.84491833;3.754746667
2022-03-31T04:00:00+02:00;28848.52119;28848.52119;0;0;0;0
2022-03-31T04:30:00+02:00;29299.3281;29299.3281;0;0;0;0
2022-03-31T05:00:00+02:00;29106.48222;29106.48222;0;0;0;0
2022-03-31T05:30:00+02:00;29304.12012;29304.12012;0;0;0;0
2022-03-31T06:00:00+02:00;29203.59298;29203.59298;0;0;0;0
2022-03-31T06:30:00+02:00;29369.75155;29369.75155;0;0;0;0
2022-03-31T07:00:00+02:00;30426.7079;30426.7079;0;0;0;0
2022-03-31T07:30:00+02:00;35129.09127;35129.09127;0;0;0;0
2022-03-31T08:00:00+02:00;37343.72143;37341.27397;0;0;0;0
2022-03-31T08:30:00+02:00;34520.4669;34520.4669;0;0;0;0
2022-03-31T09:00:00+02:00;66738.01942;61903.96605;0;0;0;5052.1956
2022-03-31T09:30:00+02:00;100017.1519;77844.90552;0;0;0;23428.67459
2022-03-31T10:00:00+02:00;94937.87135;75086.46619;0;175.7;0;20238.15831
2022-03-31T10:30:00+02:00;91579.88972;75127.9075;0;145.9409524;0;17226.81387
2022-03-31T11:00:00+02:00;99037.7044;75606.30163;0;0;0;24260.07281
2022-03-31T11:30:00+02:00;88052.82545;74234.20681;0;0;0;15093.33561
2022-03-31T12:00:00+02:00;83324.31607;73324.76369;0;0;0;9724.880404
2022-03-31T12:30:00+02:00;76669.84794;71502.24357;0;0;0;5677.88079
2022-03-31T13:00:00+02:00;79416.75619;69053.51849;0;0;0;10827.30316
2022-03-31T13:30:00+02:00;75766.57472;70132.86282;0;0;0;6451.936224
2022-03-31T14:00:00+02:00;75205.5752;70661.20179;0;0;0;4786.118893
2022-03-31T14:30:00+02:00;63866.22323;62408.71297;0;0;0;1685.367467
2022-03-31T15:00:00+02:00;60268.99127;59465.42698;0;303.2428571;0;704.984294
2022-03-31T15:30:00+02:00;65464.31429;62228.53786;0;2136.849048;0;1328.979725
2022-03-31T16:00:00+02:00;61367.50508;46017.65956;0;15349.84552;0;0
2022-03-31T16:30:00+02:00;54463.77825;52362.06659;0;2101.711667;0;0
2022-03-31T17:00:00+02:00;49063.02016;47891.96154;0;1171.058621;0;0
2022-03-31T17:30:00+02:00;53560.31968;53337.15302;0;0;0;239.8978361
2022-03-31T18:00:00+02:00;42291.77119;42291.77119;0;0;0;0
2022-03-31T18:30:00+02:00;28223.67313;28223.67313;0;0;0;0
2022-03-31T19:00:00+02:00;26601.6946;26601.6946;0;0;0;0
2022-03-31T19:30:00+02:00;27274.89976;27274.89976;0;0;0;0
2022-03-31T20:00:00+02:00;27826.12422;27826.12422;0;0;0;0
2022-03-31T20:30:00+02:00;27988.58607;27988.58607;0;0;0;0
2022-03-31T21:00:00+02:00;27999.48865;27999.48865;0;0;0;0
2022-03-31T21:30:00+02:00;28205.98754;28205.98754;0;0;0;0
2022-03-31T22:00:00+02:00;28759.9181;28759.9181;0;0;0;0
2022-03-31T22:30:00+02:00;28988.06317;28988.06317;0;0;0;0
2022-03-31T23:00:00+02:00;28804.63247;28802.41002;0;0;0;0
2022-03-31T23:30:00+02:00;28250.9898;28250.9898;0;0;0;0
2022-04-01T00:00:00+02:00;28336.39714;28336.39714;0;0;0;0
2022-04-01T00:30:00+02:00;28786.7477;28786.7477;0;0;0;0
2022-04-01T01:00:00+02:00;28529.69373;28529.69373;0;0;0;0
2022-04-01T01:30:00+02:00;28077.88266;28077.88266;0;0;0;0
2022-04-01T02:00:00+02:00;59703.56552;59703.56552;0;0;31003.07614;0
2022-04-01T02:30:00+02:00;61368.76484;61368.76484;0;0;31353.24472;0
2022-04-01T03:00:00+02:00;61104.13623;61104.13623;0;0;31869.52252;0
2022-04-01T03:30:00+02:00;61164.50833;61164.50833;0;0;31896.71149;0
2022-04-01T04:00:00+02:00;57871.23774;57871.23774;0;0;28311.2242;0
2022-04-01T04:30:00+02:00;33878.57599;33878.57599;0;0;4126.085233;0
2022-04-01T05:00:00+02:00;28957.46563;28957.46563;0;0;164.5314671;3.200990476
2022-04-01T05:30:00+02:00;29171.84877;29171.84877;0;0;0;0
2022-04-01T06:00:00+02:00;28612.61282;28612.61282;0;0;0;0
2022-04-01T06:30:00+02:00;29764.45635;29764.45635;0;0;0;0
2022-04-01T07:00:00+02:00;29748.37254;29748.37254;0;0;0;0
2022-04-01T07:30:00+02:00;32901.53367;32779.13801;0;122.4591004;0;0
2022-04-01T08:00:00+02:00;38358.87416;35829.74571;0;2529.128444;0;0
2022-04-01T08:30:00+02:00;56239.99032;48382.53754;0;7687.886111;0;309.5505876
2022-04-01T09:00:00+02:00;76251.56571;63326.2996;0;12925.26611;0;6.371368254
2022-04-01T09:30:00+02:00;92835.6304;69786.23675;0;16796.375;0;6688.754003
2022-04-01T10:00:00+02:00;88085.5429;65940.94048;0;21646.73048;0;477.7488529
2022-04-01T10:30:00+02:00;89743.55234;63651.51154;0;25012.10115;0;1214.620103
2022-04-01T11:00:00+02:00;95897.66718;67460.46353;0;24373.35444;0;4527.348745
2022-04-01T11:30:00+02:00;99361.50956;71642.78444;0;21842.7929;0;6593.829205
2022-04-01T12:00:00+02:00;93761.49321;70157.90683;0;18341.36877;0;5260.780178
2022-04-01T12:30:00+02:00;94472.9202;67426.62111;0;24087.73599;0;3331.839714
2022-04-01T13:00:00+02:00;93380.50427;65458.34257;0;23483.62804;0;4382.617361
2022-04-01T13:30:00+02:00;92580.40635;70003.71774;0;17425.53425;0;5278.940886
2022-04-01T14:00:00+02:00;90791.30901;67176.7671;0;20213.12444;0;3202.185479
2022-04-01T14:30:00+02:00;85696.22718;64714.05905;0;20201.2475;0;915.0843808
2022-04-01T15:00:00+02:00;88263.7229;67017.97996;0;17875.05357;0;3708.856873
2022-04-01T15:30:00+02:00;84750.55148;65541.58149;0;16891.48477;0;2003.942834
2022-04-01T16:00:00+02:00;80449.28075;66193.65294;0;11653.0175;0;2907.240739
2022-04-01T16:30:00+02:00;75302.05563;62082.0723;0;13178.725;0;31.06961595
2022-04-01T17:00:00+02:00;75011.23858;69002.53976;0;5967.70596;0;60.08610667
2022-04-01T17:30:00+02:00;68504.95008;58425.18873;0;9797.305556;0;261.2403887
2022-04-01T18:00:00+02:00;52162.4037;46870.54714;0;5291.856556;0;0
2022-04-01T18:30:00+02:00;34882.02242;30117.44265;0;4763.451609;0;0
2022-04-01T19:00:00+02:00;30280.68422;28676.42028;0;1604.263944;0;0
2022-04-01T19:30:00+02:00;28200.95051;26729.92524;0;1501.691105;0;0
2022-04-01T20:00:00+02:00;28273.33281;28241.21952;0;32.08979327;0;0
2022-04-01T20:30:00+02:00;28025.73335;28020.51782;0;5.215530622;0;0
2022-04-01T21:00:00+02:00;28612.88473;28612.88473;0;0;0;0
2022-04-01T21:30:00+02:00;28570.99262;28570.99262;0;0;0;0
2022-04-01T22:00:00+02:00;28697.55743;28697.55743;0;0;0;0
2022-04-01T22:30:00+02:00;28922.2223;28922.2223;0;0;0;0
2022-04-01T23:00:00+02:00;28795.0796;28795.0796;0;0;0;0
2022-04-01T23:30:00+02:00;28964.92369;28964.92369;0;0;0;0
2022-04-02T00:00:00+02:00;28559.52713;28559.52713;0;0;0;0
2022-04-02T00:30:00+02:00;28694.16004;28694.16004;0;0;0;0
2022-04-02T01:00:00+02:00;28767.83802;28767.83802;0;0;0;0
2022-04-02T01:30:00+02:00;29009.96302;29009.96302;0;0;0;0
2022-04-02T02:00:00+02:00;60121.94635;60121.94635;0;0;30773.14279;0
2022-04-02T02:30:00+02:00;59459.10532;59459.10532;0;0;30364.35819;0
2022-04-02T03:00:00+02:00;31690.49766;31690.49766;0;0;2102.568015;0
2022-04-02T03:30:00+02:00;29424.53286;29424.53286;0;0;55.13646;3.28732381
2022-04-02T04:00:00+02:00;29624.57004;29624.57004;0;0;0;0
2022-04-02T04:30:00+02:00;29482.81532;29482.81532;0;0;0;0
2022-04-02T05:00:00+02:00;29100.99234;29100.99234;0;0;0;0
2022-04-02T05:30:00+02:00;29234.4252;29234.4252;0;0;0;0
2022-04-02T06:00:00+02:00;29251.2415;29249.95825;0;0;0;0
2022-04-02T06:30:00+02:00;29308.69544;29307.8171;0;0;0;0
2022-04-02T07:00:00+02:00;29416.44762;29416.44762;0;0;0;0
2022-04-02T07:30:00+02:00;29027.87014;28772.87091;0;255.0468889;0;0
2022-04-02T08:00:00+02:00;34451.90443;32875.12198;0;1576.782444;0;0
2022-04-02T08:30:00+02:00;52240.98959;48159.48953;0;4081.500057;0;0
2022-04-02T09:00:00+02:00;81494.57778;68231.82952;0;7694.168889;0;5688.619767
2022-04-02T09:30:00+02:00;79413.45552;63392.69179;0;15339.48;0;786.8837469
2022-04-02T10:00:00+02:00;87880.2948;70155.98194;0;15084.49222;0;2450.984615
2022-04-02T10:30:00+02:00;88758.36492;69116.01952;0;18922.02556;0;878.9908124
2022-04-02T11:00:00+02:00;91802.23532;68735.20921;0;20759.69;0;2362.620492
2022-04-02T11:30:00+02:00;87729.50411;67367.72061;0;17185.31839;0;3139.304002
2022-04-02T12:00:00+02:00;94043.58782;64860.51071;0;26812.77631;0;2736.78388
2022-04-02T12:30:00+02:00;86536.61718;59292.8029;0;26773.91667;0;385.5187727
2022-04-02T13:00:00+02:00;84964.75984;68792.9475;0;12855.48083;0;3569.395415
2022-04-02T13:30:00+02:00;84392.81825;59363.22325;0;24068.245;0;935.2780551
2022-04-02T14:00:00+02:00;83425.58762;63982.04103;0;18770.15492;0;634.695477
2022-04-02T14:30:00+02:00;80561.27496;67465.16601;0;10915.66149;0;2904.17094
2022-04-02T15:00:00+02:00;78961.60956;61494.34766;0;16941.02778;0;517.854561
2022-04-02T15:30:00+02:00;79923.41587;66436.48738;0;12838.50389;0;582.6802679
2022-04-02T16:00:00+02:00;78634.29532;61293.60833;0;16748.87032;0;487.4197579
2022-04-02T16:30:00+02:00;70577.23738;51255.17683;0;19322.06056;0;2.657995238
2022-04-02T17:00:00+02:00;69608.50328;62147.57397;0;7416.962726;0;103.7871171
2022-04-02T17:30:00+02:00;64148.10452;57767.15;0;6380.954524;0;2.344184127
2022-04-02T18:00:00+02:00;51154.61071;44350.65905;0;6803.951667;0;0
2022-04-02T18:30:00+02:00;36484.96638;33292.77571;0;3192.190667;0;0
2022-04-02T19:00:00+02:00;28472.56239;26309.77611;0;2163.330611;0;0
2022-04-02T19:30:00+02:00;28471.75201;27351.28869;0;1120.463321;0;0
2022-04-02T20:00:00+02:00;27887.9694;27310.77791;0;577.1914828;0;0
2022-04-02T20:30:00+02:00;29014.70516;28996.34984;0;18.35532289;0;0
2022-04-02T21:00:00+02:00;28687.22897;28687.22897;0;0;0;0
2022-04-02T21:30:00+02:00;28373.50317;28362.10317;0;0;0;0
2022-04-02T22:00:00+02:00;29124.77778;29124.77778;0;0;0;0
2022-04-02T22:30:00+02:00;29357.79786;29357.79786;0;0;0;0
2022-04-02T23:00:00+02:00;28780.07615;28769.74684;0;0;0;0
2022-04-02T23:30:00+02:00;29083.04825;29083.04825;0;0;0;0
2022-04-03T00:00:00+02:00;29133.475;29133.475;0;0;0;0
2022-04-03T00:30:00+02:00;29194.19524;29194.19524;0;0;0;0
2022-04-03T01:00:00+02:00;30488.25357;30488.25357;0;0;0;0
2022-04-03T01:30:00+02:00;29204.72421;29204.72421;0;0;0;0
2022-04-03T02:00:00+02:00;53976.01059;53976.01059;0;0;24311.60383;0
2022-04-03T02:30:00+02:00;43759.22036;43759.22036;0;0;13869.42186;0
2022-04-03T03:00:00+02:00;30703.89373;30703.89373;0;0;1276.898204;2.260775
2022-04-03T03:30:00+02:00;29244.6731;29244.6731;0;0;0;0
2022-04-03T04:00:00+02:00;29850.91742;29850.91742;0;0;0;0
2022-04-03T04:30:00+02:00;29762.8056;29762.8056;0;0;0;0
2022-04-03T05:00:00+02:00;29839.38456;29839.38456;0;0;0;0
2022-04-03T05:30:00+02:00;29912.58111;29912.58111;0;0;0;0
2022-04-03T06:00:00+02:00;29809.01992;29809.01992;0;0;0;0
2022-04-03T06:30:00+02:00;30236.44131;30236.44131;0;0;0;0
2022-04-03T07:00:00+02:00;29610.51254;29610.51254;0;0;0;0
2022-04-03T07:30:00+02:00;29027.45722;29027.45722;0;0;0;0
2022-04-03T08:00:00+02:00;30507.58937;30507.58937;0;0;0;0
2022-04-03T08:30:00+02:00;25242.57651;25242.57651;0;0;0;0
2022-04-03T09:00:00+02:00;27031.28742;27031.28742;0;0;0;0
2022-04-03T09:30:00+02:00;63479.72333;60563.15492;0;0;0;3049.20411
2022-04-03T10:00:00+02:00;44737.42968;44737.42968;0;0;0;0
2022-04-03T10:30:00+02:00;48024.39602;48024.39602;0;0;0;0
2022-04-03T11:00:00+02:00;72090.99675;54275.58798;0;17815.40877;0;0
2022-04-03T11:30:00+02:00;91555.88786;65329.00893;0;23194.87417;0;3098.808988
2022-04-03T12:00:00+02:00;90479.45254;67160.02738;0;20686.31127;0;2926.627158
2022-04-03T12:30:00+02:00;85382.71643;62129.4404;0;21452.70857;0;1958.974465
2022-04-03T13:00:00+02:00;89216.00731;70834.39195;0;10863.90107;0;7766.089631
2022-04-03T13:30:00+02:00;87662.2981;68513.17544;0;10742.40004;0;8990.136725
2022-04-03T14:00:00+02:00;84383.75409;71926.73409;0;4340.862857;0;8910.096729
2022-04-03T14:30:00+02:00;77188.00611;67737.56321;0;8011.281389;0;1237.984132
2022-04-03T15:00:00+02:00;80906.71925;68062.0869;0;11100.89437;0;1503.680115
2022-04-03T15:30:00+02:00;81771.40722;69980.16827;0;10765.69052;0;1046.133823
2022-04-03T16:00:00+02:00;66543.44926;58910.29688;0;7572.225862;0;74.98145172
2022-04-03T16:30:00+02:00;69172.67813;59255.80659;0;9726.309246;0;176.5808135
2022-04-03T17:00:00+02:00;60800.06909;53386.66929;0;7413.399802;0;0
2022-04-03T17:30:00+02:00;51615.19774;46346.15524;0;5269.0425;0;0
2022-04-03T18:00:00+02:00;30215.51856;25919.3881;0;4296.13046;0;0
2022-04-03T18:30:00+02:00;25866.06683;25866.06683;0;0;0;0
2022-04-03T19:00:00+02:00;25625.26595;25625.26595;0;0;0;0
2022-04-03T19:30:00+02:00;28359.65067;28359.65067;0;0;0;0
2022-04-03T20:00:00+02:00;28512.62111;28512.62111;0;0;0;0
2022-04-03T20:30:00+02:00;29344.3569;29344.16024;0;0;0;0
2022-04-03T21:00:00+02:00;28835.42365;28835.42365;0;0;0;0
2022-04-03T21:30:00+02:00;28905.83163;28905.83163;0;0;0;0
2022-04-03T22:00:00+02:00;28952.30258;28952.30258;0;0;0;0
2022-04-03T22:30:00+02:00;29393.47452;29393.47452;0;0;0;0
2022-04-03T23:00:00+02:00;29492.66214;29492.66214;0;0;0;0
2022-04-03T23:30:00+02:00;28300.50968;28300.50968;0;0;0;0
2022-04-04T00:00:00+02:00;28574.80636;28574.80636;0;0;0;0
2022-04-04T00:30:00+02:00;28247.59929;28247.59929;0;0;0;0
2022-04-04T01:00:00+02:00;29366.54925;29366.54925;0;0;0;0
2022-04-04T01:30:00+02:00;28177.45774;28177.45774;0;0;0;0
2022-04-04T02:00:00+02:00;53184.82861;53184.82861;0;0;24118.44634;0
2022-04-04T02:30:00+02:00;52566.88383;52566.88383;0;0;23443.4012;0
2022-04-04T03:00:00+02:00;31106.47464;31106.47464;0;0;2176.723816;3.393633333
2022-04-04T03:30:00+02:00;28835.12817;28835.12817;0;0;0;0
2022-04-04T04:00:00+02:00;29194.04143;29190.7206;0;0;0;0
2022-04-04T04:30:00+02:00;28826.72738;28826.72738;0;0;0;0
2022-04-04T05:00:00+02:00;28985.80087;28985.80087;0;0;0;0
2022-04-04T05:30:00+02:00;28639.61141;28638.6906;0;0;0;0
2022-04-04T06:00:00+02:00;29372.18409;29372.18409;0;0;0;0
2022-04-04T06:30:00+02:00;29630.29302;29630.29302;0;0;0;0
2022-04-04T07:00:00+02:00;29655.27913;29655.27913;0;0;0;0
2022-04-04T07:30:00+02:00;30475.39643;30475.39643;0;0;0;0
2022-04-04T08:00:00+02:00;39011.79041;38903.78436;0;108.0060515;0;0
2022-04-04T08:30:00+02:00;38536.48085;38164.75246;0;371.7283944;0;0
2022-04-04T09:00:00+02:00;87121.50775;72062.85937;0;1020.296556;0;14671.14298
2022-04-04T09:30:00+02:00;110821.6885;74760.53274;0;1509.838333;0;34008.1198
